id,source,game,language,sourceSetId,setCode,name,reason,bestProviderName,score,currentRiskReasons
cmpt0x3mt0000q0rmyfy5vvp5,tcgtracking,ONE_PIECE,en,68:24708,SD01,Set Sail Deck Set,no_authoritative_set_image_provider_for_lane,,,
cmpt0x7a20005q0rmsbm5yts7,tcgtracking,ONE_PIECE,en,68:24678,ST-30,Starter Deck EX: Luffy & Ace,no_authoritative_set_image_provider_for_lane,,,
cmpt0xcan0028q0rmgtptxzd1,tcgtracking,ONE_PIECE,en,68:24664,OP16,The Time of Battle,no_authoritative_set_image_provider_for_lane,,,
cmpt0xggr00b5q0rm7p6xikbo,tcgtracking,ONE_PIECE,en,68:24677,OP16 RE,The Time of Battle Release Event Cards,no_authoritative_set_image_provider_for_lane,,,
cmpt0xhft00b6q0rmqcqvdhjh,tcgtracking,ONE_PIECE,en,68:24637,OP15-EB04,Adventure on Kami's Island,no_authoritative_set_image_provider_for_lane,,,
cmpt0xncq00mzq0rm33fzydte,tcgtracking,ONE_PIECE,en,68:24638,OP15 RE,Adventure on Kami's Island Release Event Cards,no_authoritative_set_image_provider_for_lane,,,
cmpt0xq2f00s0q0rmtg0mqw3z,tcgtracking,ONE_PIECE,en,68:24545,EB-03,Extra Booster: One Piece Heroines Edition,no_authoritative_set_image_provider_for_lane,,,
cmpt0xt7k00xvq0rm6ekar9mb,tcgtracking,ONE_PIECE,en,68:24575,ST-29,Starter Deck 29: Egghead,no_authoritative_set_image_provider_for_lane,,,
cmpt0xurz00zsq0rm97aum1qx,tcgtracking,ONE_PIECE,en,68:24537,OP14,The Azure Sea's Seven,no_authoritative_set_image_provider_for_lane,,,
cmpt0y09q01bvq0rmzylsmtfk,tcgtracking,ONE_PIECE,en,68:24579,OP14 RE,The Azure Sea's Seven Release Event Cards,no_authoritative_set_image_provider_for_lane,,,
cmpt0y3pe01guq0rm8lobx98m,tcgtracking,ONE_PIECE,en,68:24303,OP13,Carrying On His Will,no_authoritative_set_image_provider_for_lane,,,
cmpt0y8ce01qxq0rmhldaimih,tcgtracking,ONE_PIECE,en,68:24498,OP13 ANN,Carrying On His Will: 3rd Anniversary Tournament Cards,no_authoritative_set_image_provider_for_lane,,,
cmpt0yaxq01vcq0rmtuca4wmi,tcgtracking,ONE_PIECE,en,68:24306,LT-01,Learn Together Deck Set,no_authoritative_set_image_provider_for_lane,,,
cmpt0ye7m01ybq0rmogxfguki,tcgtracking,ONE_PIECE,en,68:24305,PRB-02,Premium Booster -The Best- Vol. 2,no_authoritative_set_image_provider_for_lane,,,
cmpt0ynys02jgq0rmgpsvn3c8,tcgtracking,ONE_PIECE,en,68:24304,ST-22,Starter Deck 22: Ace & Newgate,no_authoritative_set_image_provider_for_lane,,,
cmpt0yqpc02lbq0rmxz8i3080,tcgtracking,ONE_PIECE,en,68:24302,OP12,Legacy of the Master,no_authoritative_set_image_provider_for_lane,,,
cmpt0yvpn02ugq0rmu7qz6jes,tcgtracking,ONE_PIECE,en,68:24406,OP12 RE,Legacy of the Master Release Event Cards,no_authoritative_set_image_provider_for_lane,,,
cmpt0yziz02ynq0rmq1638bqx,tcgtracking,ONE_PIECE,en,68:24241,OP11,A Fist of Divine Speed,no_authoritative_set_image_provider_for_lane,,,
cmpt0z45u037uq0rmgfe1aqj2,tcgtracking,ONE_PIECE,en,68:24282,ST-23,Starter Deck 23: RED Shanks,no_authoritative_set_image_provider_for_lane,,,
cmpt0z5bj038vq0rmkcshkmyz,tcgtracking,ONE_PIECE,en,68:24283,ST-24,Starter Deck 24: GREEN Jewelry Bonney,no_authoritative_set_image_provider_for_lane,,,
cmpt0z66a039uq0rmohnyi4cy,tcgtracking,ONE_PIECE,en,68:24284,ST-25,Starter Deck 25: BLUE Buggy,no_authoritative_set_image_provider_for_lane,,,
cmpt0z7bx03atq0rmya3g75n3,tcgtracking,ONE_PIECE,en,68:24285,ST-26,Starter Deck 26: PURPLE/BLACK Monkey.D.Luffy,no_authoritative_set_image_provider_for_lane,,,
cmpt0z89303bsq0rm6va0wgh7,tcgtracking,ONE_PIECE,en,68:24286,ST-27,Starter Deck 27: BLACK Marshall.D.Teach,no_authoritative_set_image_provider_for_lane,,,
cmpt0z9ex03crq0rmcm9whktk,tcgtracking,ONE_PIECE,en,68:24287,ST-28,Starter Deck 28: GREEN/YELLOW Yamato,no_authoritative_set_image_provider_for_lane,,,
cmpt0zahn03dqq0rma9xdk1r9,tcgtracking,ONE_PIECE,en,68:24242,OP11 RE,A Fist of Divine Speed Release Event Cards,no_authoritative_set_image_provider_for_lane,,,
cmpt0zd6g03hxq0rm4o9ystjp,tcgtracking,ONE_PIECE,en,68:23834,EB-02,Extra Booster: Anime 25th Collection,no_authoritative_set_image_provider_for_lane,,,
cmpt0zgv103nyq0rmp061sah7,tcgtracking,ONE_PIECE,en,68:23766,OP10,Royal Blood,no_authoritative_set_image_provider_for_lane,,,
cmpt0zl5g03wnq0rm9i8sn43t,tcgtracking,ONE_PIECE,en,68:24068,OP10 RE,Royal Blood Release Event Cards,no_authoritative_set_image_provider_for_lane,,,
cmpt0znuo040uq0rm9bgdw6e9,tcgtracking,ONE_PIECE,en,68:23991,ST-21,Starter Deck EX: Gear 5,no_authoritative_set_image_provider_for_lane,,,
cmpt0zptp042vq0rms320r5pl,tcgtracking,ONE_PIECE,en,68:23589,OP09,Emperors in the New World,no_authoritative_set_image_provider_for_lane,,,
cmpt0ztq204c8q0rmn4bqtxyn,tcgtracking,ONE_PIECE,en,68:23590,OP09 ANN,Emperors in the New World: 2nd Anniversary Tournament Cards,no_authoritative_set_image_provider_for_lane,,,
cmpt0zwc804gfq0rmgth1y26q,tcgtracking,ONE_PIECE,en,68:23907,OP-DD,One Piece Demo Deck Cards,no_authoritative_set_image_provider_for_lane,,,
cmpt0zy3n04hsq0rmhfr7h5jl,tcgtracking,ONE_PIECE,en,68:23890,OP-RP,Revision Pack Cards,no_authoritative_set_image_provider_for_lane,,,
cmpt100ji04jnq0rmqafv34h6,tcgtracking,ONE_PIECE,en,68:23496,PRB-01,Premium Booster -The Best-,no_authoritative_set_image_provider_for_lane,,,
cmpt108g2051yq0rmg6mjzgvx,tcgtracking,ONE_PIECE,en,68:23490,ST-15,Starter Deck 15: RED Edward.Newgate,no_authoritative_set_image_provider_for_lane,,,
cmpt10994052xq0rm23kdljgv,tcgtracking,ONE_PIECE,en,68:23491,ST-16,Starter Deck 16: GREEN Uta,no_authoritative_set_image_provider_for_lane,,,
cmpt10acu053yq0rm8k3snxa9,tcgtracking,ONE_PIECE,en,68:23492,ST-17,Starter Deck 17: BLUE Donquixote Doflamingo,no_authoritative_set_image_provider_for_lane,,,
cmpt10bra054pq0rmz63oxon5,tcgtracking,ONE_PIECE,en,68:23493,ST-18,Starter Deck 18: PURPLE Monkey.D.Luffy,no_authoritative_set_image_provider_for_lane,,,
cmpt10d6n055qq0rmc0wkbbvg,tcgtracking,ONE_PIECE,en,68:23494,ST-19,Starter Deck 19: BLACK Smoker,no_authoritative_set_image_provider_for_lane,,,
cmpt10ea7056pq0rmn8y74vn8,tcgtracking,ONE_PIECE,en,68:23495,ST-20,Starter Deck 20: YELLOW Charlotte Katakuri,no_authoritative_set_image_provider_for_lane,,,
cmpt10fmh057iq0rmg8ntu32d,tcgtracking,ONE_PIECE,en,68:23462,OP08,Two Legends,no_authoritative_set_image_provider_for_lane,,,
cmpt10k9z05ghq0rm4fusqvn1,tcgtracking,ONE_PIECE,en,68:23737,OP08 PRE,Two Legends Pre-Release Cards,no_authoritative_set_image_provider_for_lane,,,
cmpt10mn405koq0rmmjydhjgq,tcgtracking,ONE_PIECE,en,68:23489,ST-14,Starter Deck 14: 3D2Y,no_authoritative_set_image_provider_for_lane,,,
cmpt10ou805ltq0rmc4z4fi1u,tcgtracking,ONE_PIECE,en,68:23387,OP07,500 Years in the Future,no_authoritative_set_image_provider_for_lane,,,
cmpt10udq05usq0rmwa73aavq,tcgtracking,ONE_PIECE,en,68:23512,OP07 PRE,500 Years in the Future Pre-Release Cards,no_authoritative_set_image_provider_for_lane,,,
cmpt10x5e05yzq0rmuhr4wnnn,tcgtracking,ONE_PIECE,en,68:23333,EB-01,Extra Booster: Memorial Collection,no_authoritative_set_image_provider_for_lane,,,
cmpt10zgo063mq0rm971ipyjy,tcgtracking,ONE_PIECE,en,68:23349,ST-13,Ultra Deck: The Three Brothers,no_authoritative_set_image_provider_for_lane,,,
cmpt110wb065rq0rm7pys926s,tcgtracking,ONE_PIECE,en,68:23348,ST-12,Starter Deck 12: Zoro and Sanji,no_authoritative_set_image_provider_for_lane,,,
cmpt1138q066wq0rm87u8idq5,tcgtracking,ONE_PIECE,en,68:23272,OP06,Wings of the Captain,no_authoritative_set_image_provider_for_lane,,,
cmpt118da06fvq0rm8g82dcy8,tcgtracking,ONE_PIECE,en,68:23424,OP06 PRE,Wings of the Captain Pre-Release Cards,no_authoritative_set_image_provider_for_lane,,,
cmpt11b6e06k2q0rmgeirqhoj,tcgtracking,ONE_PIECE,en,68:23250,ST-11,Starter Deck 11: Uta,no_authoritative_set_image_provider_for_lane,,,
cmpt11c5r06kjq0rm2dduv5jk,tcgtracking,ONE_PIECE,en,68:23213,OP05,Awakening of the New Era,no_authoritative_set_image_provider_for_lane,,,
cmpt11gjf06toq0rmjz0eplt7,tcgtracking,ONE_PIECE,en,68:23368,OP05 ANN,Awakening of the New Era: 1st Anniversary Tournament Cards,no_authoritative_set_image_provider_for_lane,,,
cmpt11ipe06xvq0rmuy32j6tq,tcgtracking,ONE_PIECE,en,68:23243,ST-10,Ultra Deck: The Three Captains,no_authoritative_set_image_provider_for_lane,,,
cmpt11jso06z2q0rmksq5h2h3,tcgtracking,ONE_PIECE,en,68:23304,OP-CS,One Piece Collection Sets,no_authoritative_set_image_provider_for_lane,,,
cmpt11kvc06zpq0rmpx0x2tw9,tcgtracking,ONE_PIECE,en,68:23024,OP04,Kingdoms of Intrigue,no_authoritative_set_image_provider_for_lane,,,
cmpt11q7w078uq0rmzejx39jw,tcgtracking,ONE_PIECE,en,68:23297,OP04 PRE,Kingdoms of Intrigue Pre-Release Cards,no_authoritative_set_image_provider_for_lane,,,
cmpt11t1407d1q0rmw41xuur7,tcgtracking,ONE_PIECE,en,68:22956,ST-08,Starter Deck 8: Monkey.D.Luffy,no_authoritative_set_image_provider_for_lane,,,
cmpt11u7g07e2q0rmykww73u1,tcgtracking,ONE_PIECE,en,68:22957,ST-09,Starter Deck 9: Yamato,no_authoritative_set_image_provider_for_lane,,,
cmpt11vi707f3q0rmj0fe6vv8,tcgtracking,ONE_PIECE,en,68:22890,OP03,Pillars of Strength,no_authoritative_set_image_provider_for_lane,,,
cmpt11zaw07nyq0rmemdos2na,tcgtracking,ONE_PIECE,en,68:23232,OP03 PRE,Pillars of Strength Pre-Release Cards,no_authoritative_set_image_provider_for_lane,,,
cmpt121pr07s9q0rmauvzg4up,tcgtracking,ONE_PIECE,en,68:22930,ST-07,Starter Deck 7: Big Mom Pirates,no_authoritative_set_image_provider_for_lane,,,
cmpt122ze07teq0rmzeo644jq,tcgtracking,ONE_PIECE,en,68:17698,OP02,Paramount War,no_authoritative_set_image_provider_for_lane,,,
cmpt127vp082dq0rmnb5tp7ne,tcgtracking,ONE_PIECE,en,68:17699,ST-06,Starter Deck 6: Absolute Justice,no_authoritative_set_image_provider_for_lane,,,
cmpt12923083iq0rm975te991,tcgtracking,ONE_PIECE,en,68:22934,OP02 PRE,Paramount War Pre-Release Cards,no_authoritative_set_image_provider_for_lane,,,
cmpt12b5c087pq0rm6rmgt6i8,tcgtracking,ONE_PIECE,en,68:17687,ST-05,Starter Deck 5: Film Edition,no_authoritative_set_image_provider_for_lane,,,
cmpt12cev088uq0rmqhdng0c3,tcgtracking,ONE_PIECE,en,68:3188,OP01,Romance Dawn,no_authoritative_set_image_provider_for_lane,,,
cmpt1umuo000vq022soydgabz,tcgtracking,ONE_PIECE,en,68:3189,ST-01,Starter Deck 1: Straw Hat Crew,no_authoritative_set_image_provider_for_lane,,,
cmpt1unvt000wq022qlvj2c83,tcgtracking,ONE_PIECE,en,68:3191,ST-02,Starter Deck 2: Worst Generation,no_authoritative_set_image_provider_for_lane,,,
cmpt1uowy000xq0229y0vwp7x,tcgtracking,ONE_PIECE,en,68:3192,ST-03,Starter Deck 3: The Seven Warlords of The Sea,no_authoritative_set_image_provider_for_lane,,,
cmpt1upy7000yq022ar7yvzu7,tcgtracking,ONE_PIECE,en,68:3190,ST-04,Starter Deck 4: Animal Kingdom Pirates,no_authoritative_set_image_provider_for_lane,,,
cmpt1usnb000zq022p2x6vqi0,tcgtracking,ONE_PIECE,en,68:17675,OP-PR,One Piece Promotion Cards,no_authoritative_set_image_provider_for_lane,,,
cmpt1uwyq0010q022d689kwch,tcgtracking,ONE_PIECE,en,68:17659,ST-01 PRE,Super Pre-Release Starter Deck 1: Straw Hat Crew,no_authoritative_set_image_provider_for_lane,,,
cmpt1uxzk0011q022zzvkce39,tcgtracking,ONE_PIECE,en,68:17658,ST-02 PRE,Super Pre-Release Starter Deck 2: Worst Generation,no_authoritative_set_image_provider_for_lane,,,
cmpt140jx08gkq0rmrx8gtcqb,tcgtracking,ONE_PIECE,en,68:17660,ST-03 PRE,Super Pre-Release Starter Deck 3: The Seven Warlords of the Sea,no_authoritative_set_image_provider_for_lane,,,
cmpt1456t08hjq0rm9jtzv9t9,tcgtracking,ONE_PIECE,en,68:17661,ST-04 PRE,Super Pre-Release Starter Deck 4: Animal Kingdom Pirates,no_authoritative_set_image_provider_for_lane,,,
cmprb8efs0000tm8gjgyjp0q6,tcgtracking,POKEMON,en,24688,ME05,ME05: Pitch Black,no_exact_or_safe_unique_match,Black Bolt,0.25,logo:tcgtracking_set_symbol_endpoint;symbol:tcgtracking_set_symbol_endpoint
cmprb8geh001btm8gbtbtgwgm,tcgtracking,POKEMON,en,1938,PR,Alternate Art Promos,no_exact_or_safe_unique_match,Promos-A,0.25,logo:bulbagarden_archive_not_authoritative_for_this_gate
cmprb8kyi004itm8glit1d8k0,tcgtracking,POKEMON,en,2289,BLE,Blister Exclusives,no_exact_or_safe_unique_match,Base Set,0,logo:bulbagarden_archive_not_authoritative_for_this_gate;symbol:tcgtracking_set_symbol_endpoint
cmprb910800fstm8gdik2zc1u,tcgtracking,POKEMON,en,2776,FPP,First Partner Pack,no_exact_or_safe_unique_match,Base Set,0,logo:bulbagarden_archive_not_authoritative_for_this_gate;symbol:tcgtracking_set_symbol_endpoint
cmprb93pd00hntm8grpkqi52f,tcgtracking,POKEMON,en,2374,MCAP,Miscellaneous Cards & Products,no_exact_or_safe_unique_match,Ruby & Sapphire,0.16666666666666666,logo:bulbagarden_archive_not_authoritative_for_this_gate;symbol:tcgtracking_set_symbol_endpoint
cmprbciqu02xvtm8gyl054zco,tcgtracking,POKEMON,en,2205,PWCP,Pikachu World Collection Promos,no_exact_or_safe_unique_match,Legendary Collection,0.2,logo:bulbagarden_archive_not_authoritative_for_this_gate;symbol:tcgtracking_set_symbol_endpoint
cmprbcya7038ptm8gmte3bqkj,tcgtracking,POKEMON,en,2332,PPP,Professor Program Promos,no_exact_or_safe_unique_match,Promos-A,0.25,logo:tcgtracking_set_symbol_endpoint;symbol:tcgtracking_set_symbol_endpoint
cmprb8yzy00edtm8gf3naapq9,tcgtracking,POKEMON,en,1542,PR,EX Trainer Kit 2: Plusle & Minun,no_exact_or_safe_unique_match,EX trainer Kit 2 (Plusle),0.7142857142857143,logo:bulbagarden_archive_not_authoritative_for_this_gate
cmprbcbf502sktm8gizkv634j,tcgtracking,POKEMON,en,1423,PR,Nintendo Promos,no_exact_or_safe_unique_match,Nintendo Black Star Promos,0.5,logo:bulbagarden_archive_not_authoritative_for_this_gate
cmprbdd9r03jhtm8g5zxf4688,tcgtracking,POKEMON,en,24584,,First Partner Collection 2026,no_exact_or_safe_unique_match,Legendary Collection,0.2,logo:bulbagarden_archive_not_authoritative_for_this_gate
cmprbf1kw04qgtm8gx9rouq46,tcgtracking,POKEMON,en,24529,,Player Placement Trainer Promos,no_exact_or_safe_unique_match,Promos-A,0.2,logo:bulbagarden_archive_not_authoritative_for_this_gate
cmprbg2u305gwtm8gs0yac8kx,tcgtracking,POKEMON,en,24461,MEE,MEE: Mega Evolution Energies,no_exact_or_safe_unique_match,Mega Evolution,0.5,logo:tcgtracking_set_symbol_endpoint;symbol:tcgtracking_set_symbol_endpoint
cmprbfebi04zitm8gpezh82qu,tcgtracking,POKEMON,en,24451,MEP,ME: Mega Evolution Promo,no_exact_or_safe_unique_match,Mega Evolution,0.5,logo:tcgtracking_set_symbol_endpoint;symbol:tcgtracking_set_symbol_endpoint
cmprbioza07cjtm8gvtftgneg,tcgtracking,POKEMON,en,24163,M24,McDonald's Promos 2024,no_exact_or_safe_unique_match,McDonald's Collection 2021,0.3333333333333333,logo:bulbagarden_archive_not_authoritative_for_this_gate;symbol:tcgtracking_set_symbol_endpoint
cmprbkodc08rftm8gctd8at22,tcgtracking,POKEMON,en,23561,TTBB24,Trick or Trade BOOster Bundle 2024,no_exact_or_safe_unique_match,Base Set,0,logo:bulbagarden_archive_not_authoritative_for_this_gate;symbol:tcgtracking_set_symbol_endpoint
cmprbl1v10911tm8gcq55jek7,tcgtracking,POKEMON,en,23520,BA24,Battle Academy 2024,no_exact_or_safe_unique_match,Battle Styles,0.25,logo:bulbagarden_archive_not_authoritative_for_this_gate;symbol:tcgtracking_set_symbol_endpoint
cmprbo1hb0b55tm8gnnmo07i1,tcgtracking,POKEMON,en,23330,,My First Battle,no_exact_or_safe_unique_match,Battle Styles,0.25,logo:bulbagarden_archive_not_authoritative_for_this_gate
cmprbo5dw0b7ytm8gb8nmvgpv,tcgtracking,POKEMON,en,23237,MEW,SV: Scarlet & Violet 151,no_exact_or_safe_unique_match,Scarlet & Violet,0.6,logo:bulbagarden_archive_not_authoritative_for_this_gate
cmprbooqz0blttm8ggt19kh2c,tcgtracking,POKEMON,en,23306,M23,McDonald's Promos 2023,no_exact_or_safe_unique_match,McDonald's Collection 2021,0.3333333333333333,logo:bulbagarden_archive_not_authoritative_for_this_gate;symbol:tcgtracking_set_symbol_endpoint
cmprboq270bmqtm8gu68ze2cw,tcgtracking,POKEMON,en,23266,TTBB23,Trick or Trade BOOster Bundle 2023,no_exact_or_safe_unique_match,Base Set,0,logo:bulbagarden_archive_not_authoritative_for_this_gate;symbol:tcgtracking_set_symbol_endpoint
cmprbrx850dw7tm8gr8oklsa9,tcgtracking,POKEMON,en,17689,CRZ:GG,SWSH: Crown Zenith: Galarian Gallery,no_exact_or_safe_unique_match,Crown Zenith,0.4,logo:tcgtracking_set_symbol_endpoint;symbol:tcgtracking_set_symbol_endpoint
cmprbs2t30e04tm8gd56yamwe,tcgtracking,POKEMON,en,22880,,Prize Pack Series Cards,no_exact_or_safe_unique_match,POP Series 1,0.16666666666666666,logo:bulbagarden_archive_not_authoritative_for_this_gate
cmprbu6et0fiktm8ggqv2gjj6,tcgtracking,POKEMON,en,17674,SWSH12: TG,SWSH12: Silver Tempest Trainer Gallery,no_exact_or_safe_unique_match,Silver Tempest,0.4,logo:bulbagarden_archive_not_authoritative_for_this_gate;symbol:tcgtracking_set_symbol_endpoint
cmprbuu8i0fzitm8gp3hyeq86,tcgtracking,POKEMON,en,3172,SWSH11: TG,SWSH11: Lost Origin Trainer Gallery,no_exact_or_safe_unique_match,Lost Origin,0.4,logo:bulbagarden_archive_not_authoritative_for_this_gate;symbol:tcgtracking_set_symbol_endpoint
cmprbuwu00g17tm8gikzea6h7,tcgtracking,POKEMON,en,3179,TTBB,Trick or Trade BOOster Bundle,no_exact_or_safe_unique_match,Base Set,0,logo:bulbagarden_archive_not_authoritative_for_this_gate;symbol:tcgtracking_set_symbol_endpoint
cmprbuznf0g32tm8gxopakvgw,tcgtracking,POKEMON,en,3150,M22,McDonald's Promos 2022,no_exact_or_safe_unique_match,McDonald's Collection 2021,0.3333333333333333,logo:bulbagarden_archive_not_authoritative_for_this_gate;symbol:tcgtracking_set_symbol_endpoint
cmprbvw1u0gq9tm8gqwu6v1ih,tcgtracking,POKEMON,en,3068,SWSH10:TG,SWSH10: Astral Radiance Trainer Gallery,no_exact_or_safe_unique_match,Astral Radiance,0.4,logo:bulbagarden_archive_not_authoritative_for_this_gate;symbol:tcgtracking_set_symbol_endpoint
cmprbvygw0grytm8gyqcaui6k,tcgtracking,POKEMON,en,3051,BA22,Battle Academy 2022,no_exact_or_safe_unique_match,Battle Styles,0.25,logo:bulbagarden_archive_not_authoritative_for_this_gate;symbol:tcgtracking_set_symbol_endpoint
cmprbw9hh0gzttm8g21gvlty2,tcgtracking,POKEMON,en,2948,SWSH09,SWSH09: Brilliant Stars,no_exact_or_safe_unique_match,Brilliant Stars,0.6666666666666666,logo:tcgtracking_set_symbol_endpoint;symbol:tcgtracking_set_symbol_endpoint
cmprbwrjp0hcutm8gs62s11uv,tcgtracking,POKEMON,en,3020,SWSH09:TG,SWSH09: Brilliant Stars Trainer Gallery,no_exact_or_safe_unique_match,Brilliant Stars,0.4,logo:tcgtracking_set_symbol_endpoint;symbol:tcgtracking_set_symbol_endpoint
cmprbwtxu0hejtm8g037dp8d0,tcgtracking,POKEMON,en,2906,SWSH08,SWSH08: Fusion Strike,no_exact_or_safe_unique_match,Fusion Strike,0.6666666666666666,logo:tcgtracking_set_symbol_endpoint;symbol:tcgtracking_set_symbol_endpoint
cmprbxr660i2gtm8g8hdks0pk,tcgtracking,POKEMON,en,2848,SWSH07,SWSH07: Evolving Skies,no_exact_or_safe_unique_match,Evolving Skies,0.6666666666666666,logo:tcgtracking_set_symbol_endpoint;symbol:tcgtracking_set_symbol_endpoint
cmprbyf5l0iihtm8grpm9j932,tcgtracking,POKEMON,en,2807,SWSH06,SWSH06: Chilling Reign,no_exact_or_safe_unique_match,Chilling Reign,0.6666666666666666,logo:tcgtracking_set_symbol_endpoint;symbol:tcgtracking_set_symbol_endpoint
cmprbz0fy0ixstm8gc2r56ecq,tcgtracking,POKEMON,en,2765,SWSH05,SWSH05: Battle Styles,no_exact_or_safe_unique_match,Battle Styles,0.6666666666666666,logo:tcgtracking_set_symbol_endpoint;symbol:tcgtracking_set_symbol_endpoint
cmprc19t8006htmasdgw35siz,tcgtracking,POKEMON,en,2781,SHFSV,Shining Fates: Shiny Vault,no_exact_or_safe_unique_match,Hidden Fates Shiny Vault,0.6,logo:bulbagarden_archive_not_authoritative_for_this_gate;symbol:tcgtracking_set_symbol_endpoint
cmprc1lmx00datmas8h4ynn9p,tcgtracking,POKEMON,en,2782,M21,McDonald's 25th Anniversary Promos,no_exact_or_safe_unique_match,McDonald's Collection 2021,0.2857142857142857,logo:bulbagarden_archive_not_authoritative_for_this_gate;symbol:tcgtracking_set_symbol_endpoint
cmprc1nvd00ertmasfl0z5fwx,tcgtracking,POKEMON,en,2701,SWSH04,SWSH04: Vivid Voltage,no_exact_or_safe_unique_match,Vivid Voltage,0.6666666666666666,logo:tcgtracking_set_symbol_endpoint;symbol:tcgtracking_set_symbol_endpoint
cmprc2fke00yntmasobwp7ack,tcgtracking,POKEMON,en,2675,SWSH03,SWSH03: Darkness Ablaze,no_exact_or_safe_unique_match,Darkness Ablaze,0.6666666666666666,logo:tcgtracking_set_symbol_endpoint;symbol:tcgtracking_set_symbol_endpoint
cmprc2yhk01c6tmasshivz1ph,tcgtracking,POKEMON,en,2686,BTA,Battle Academy,no_exact_or_safe_unique_match,Battle Styles,0.3333333333333333,logo:bulbagarden_archive_not_authoritative_for_this_gate;symbol:tcgtracking_set_symbol_endpoint
cmprc39ck01jztmasd079jcn5,tcgtracking,POKEMON,en,2626,SWSH02,SWSH02: Rebel Clash,no_exact_or_safe_unique_match,Rebel Clash,0.6666666666666666,logo:tcgtracking_set_symbol_endpoint;symbol:tcgtracking_set_symbol_endpoint
cmprc3szb01y4tmasy12shxht,tcgtracking,POKEMON,en,2585,SWSH01,SWSH01: Sword & Shield Base Set,no_exact_or_safe_unique_match,Sword & Shield,0.5,logo:tcgtracking_set_symbol_endpoint;symbol:tcgtracking_set_symbol_endpoint
cmprc4fde02e7tmasqc9uo76s,tcgtracking,POKEMON,en,2545,SWSD,SWSH: Sword & Shield Promo Cards,no_exact_or_safe_unique_match,Sword & Shield,0.5,logo:tcgtracking_set_symbol_endpoint;symbol:tcgtracking_set_symbol_endpoint
cmprc5tsd03e1tmasp1psznm1,tcgtracking,POKEMON,en,2555,M19,McDonald's Promos 2019,no_exact_or_safe_unique_match,McDonald's Collection 2021,0.3333333333333333,logo:bulbagarden_archive_not_authoritative_for_this_gate;symbol:tcgtracking_set_symbol_endpoint
cmprc84id050wtmas1osjlz3w,tcgtracking,POKEMON,en,2364,M18,McDonald's Promos 2018,no_exact_or_safe_unique_match,McDonald's Collection 2021,0.3333333333333333,logo:bulbagarden_archive_not_authoritative_for_this_gate;symbol:tcgtracking_set_symbol_endpoint
cmprc9fkp05y4tmasf1swjmdu,tcgtracking,POKEMON,en,2282,WCD,World Championship Decks,no_exact_or_safe_unique_match,Base Set,0,logo:tcgtracking_set_symbol_endpoint;symbol:tcgtracking_set_symbol_endpoint
cmprcdnqz090jtmastr0w8qfi,tcgtracking,POKEMON,en,2209,SM06,SM - Forbidden Light,no_exact_or_safe_unique_match,Forbidden Light,0.6666666666666666,logo:bulbagarden_archive_not_authoritative_for_this_gate;symbol:tcgtracking_set_symbol_endpoint
cmprce2er09agtmas4p7qk1cd,tcgtracking,POKEMON,en,2208,SMK2,SM Trainer Kit: Alolan Sandslash & Alolan Ninetales,no_exact_or_safe_unique_match,SM trainer Kit (Alolan Raichu),0.5,logo:bulbagarden_archive_not_authoritative_for_this_gate;symbol:tcgtracking_set_symbol_endpoint
cmprce79009dxtmaslj8ndr53,tcgtracking,POKEMON,en,2178,SM05,SM - Ultra Prism,no_exact_or_safe_unique_match,Ultra Prism,0.6666666666666666,logo:bulbagarden_archive_not_authoritative_for_this_gate;symbol:tcgtracking_set_symbol_endpoint
cmprcenom09potmas3yfpgmnp,tcgtracking,POKEMON,en,2148,M17,McDonald's Promos 2017,no_exact_or_safe_unique_match,McDonald's Collection 2021,0.3333333333333333,logo:bulbagarden_archive_not_authoritative_for_this_gate;symbol:tcgtracking_set_symbol_endpoint
cmprceoot09qdtmasjqvk327x,tcgtracking,POKEMON,en,2071,SM04,SM - Crimson Invasion,no_exact_or_safe_unique_match,Crimson Invasion,0.6666666666666666,logo:tcgtracking_set_symbol_endpoint;symbol:tcgtracking_set_symbol_endpoint
cmprcf8zg0a4ztmasgy4gue4s,tcgtracking,POKEMON,en,1957,SM03,SM - Burning Shadows,no_exact_or_safe_unique_match,Burning Shadows,0.6666666666666666,logo:tcgtracking_set_symbol_endpoint;symbol:tcgtracking_set_symbol_endpoint
cmprcfpbm0agwtmassdsg28qv,tcgtracking,POKEMON,en,1919,SM02,SM - Guardians Rising,no_exact_or_safe_unique_match,Guardians Rising,0.6666666666666666,logo:tcgtracking_set_symbol_endpoint;symbol:tcgtracking_set_symbol_endpoint
cmprcg7tr0audtmasl2lko3it,tcgtracking,POKEMON,en,23095,AVTR,Ash vs Team Rocket Deck Kit (JP Exclusive),no_exact_or_safe_unique_match,Team Rocket,0.25,logo:bulbagarden_archive_not_authoritative_for_this_gate;symbol:tcgtracking_set_symbol_endpoint
cmprcg9i40avktmasmpmhhqq8,tcgtracking,POKEMON,en,2069,SMK1,SM Trainer Kit: Lycanroc & Alolan Raichu,no_exact_or_safe_unique_match,SM trainer Kit (Alolan Raichu),0.7142857142857143,logo:tcgtracking_set_symbol_endpoint;symbol:tcgtracking_set_symbol_endpoint
cmprcge9w0az1tmashutjs1se,tcgtracking,POKEMON,en,1863,SM01,SM Base Set,no_exact_or_safe_unique_match,Base Set,0.6666666666666666,logo:bulbagarden_archive_not_authoritative_for_this_gate;symbol:tcgtracking_set_symbol_endpoint
cmprchy2w0c3etmasb9mqfyfa,tcgtracking,POKEMON,en,1840,PR,Deck Exclusives,no_exact_or_safe_unique_match,Base Set,0,logo:bulbagarden_archive_not_authoritative_for_this_gate
cmprcj05b0cv5tmasyhw33ad6,tcgtracking,POKEMON,en,3087,M16,McDonald's Promos 2016,no_exact_or_safe_unique_match,McDonald's Collection 2021,0.3333333333333333,logo:bulbagarden_archive_not_authoritative_for_this_gate;symbol:tcgtracking_set_symbol_endpoint
cmprcl3230ecbtmasvfapi1pm,tcgtracking,POKEMON,en,1796,PR,XY Trainer Kit: Pikachu Libre & Suicune,no_exact_or_safe_unique_match,XY trainer Kit (Pikachu Libre),0.7142857142857143,logo:bulbagarden_archive_not_authoritative_for_this_gate
cmprclwck0ewxtmasyt6xb2uu,tcgtracking,POKEMON,en,1694,M15,McDonald's Promos 2015,no_exact_or_safe_unique_match,McDonald's Collection 2021,0.3333333333333333,logo:bulbagarden_archive_not_authoritative_for_this_gate;symbol:tcgtracking_set_symbol_endpoint
cmprcn0v00fprtmas2uykhgt6,tcgtracking,POKEMON,en,1536,PR,XY Trainer Kit: Latias & Latios,no_exact_or_safe_unique_match,XY trainer Kit (Latias),0.6666666666666666,logo:bulbagarden_archive_not_authoritative_for_this_gate
cmprcod5t0goptmas8ykt2gf0,tcgtracking,POKEMON,en,1533,PR,XY Trainer Kit: Bisharp & Wigglytuff,no_exact_or_safe_unique_match,XY trainer Kit (Wigglytuff),0.6666666666666666,logo:bulbagarden_archive_not_authoritative_for_this_gate
cmprcp6ab0h9otmasiritdbkh,tcgtracking,POKEMON,en,1692,M14,McDonald's Promos 2014,no_exact_or_safe_unique_match,McDonald's Collection 2021,0.3333333333333333,logo:bulbagarden_archive_not_authoritative_for_this_gate;symbol:tcgtracking_set_symbol_endpoint
cmprcpnoe0hm1tmasmkicucp7,tcgtracking,POKEMON,en,1387,XY,XY Base Set,no_exact_or_safe_unique_match,Base Set,0.6666666666666666,logo:bulbagarden_archive_not_authoritative_for_this_gate
cmprcq2xu0hx0tmas70gh7kme,tcgtracking,POKEMON,en,1451,PR,XY Promos,no_exact_or_safe_unique_match,XY Black Star Promos,0.5,logo:bulbagarden_archive_not_authoritative_for_this_gate
cmprcujqr014ptmxw8415g6rh,tcgtracking,POKEMON,en,1427,M12,McDonald's Promos 2012,no_exact_or_safe_unique_match,McDonald's Collection 2021,0.3333333333333333,logo:bulbagarden_archive_not_authoritative_for_this_gate;symbol:tcgtracking_set_symbol_endpoint
cmprcvcm001p9tmxwu7g3r8e8,tcgtracking,POKEMON,en,1538,BLW,BW Trainer Kit: Excadrill & Zoroark,no_exact_or_safe_unique_match,EX trainer Kit (Latias),0.25,logo:bulbagarden_archive_not_authoritative_for_this_gate
cmprcvqz401zftmxwsl9pa8iz,tcgtracking,POKEMON,en,1401,M11,McDonald's Promos 2011,no_exact_or_safe_unique_match,McDonald's Collection 2021,0.3333333333333333,logo:bulbagarden_archive_not_authoritative_for_this_gate;symbol:tcgtracking_set_symbol_endpoint
cmprcw29y027jtmxwcgddrtr0,tcgtracking,POKEMON,en,1407,PR,Black and White Promos,no_exact_or_safe_unique_match,Black & White,0.75,logo:bulbagarden_archive_not_authoritative_for_this_gate
cmprcx1vr02wztmxw4eq3rn5s,tcgtracking,POKEMON,en,1540,PR,HGSS Trainer Kit: Gyarados & Raichu,no_exact_or_safe_unique_match,HS trainer Kit (Gyarados),0.42857142857142855,logo:bulbagarden_archive_not_authoritative_for_this_gate
cmprcxof303cwtmxwe2yhdf3v,tcgtracking,POKEMON,en,1453,PR,HGSS Promos,no_exact_or_safe_unique_match,HGSS Black Star Promos,0.5,logo:bulbagarden_archive_not_authoritative_for_this_gate
cmprcz8sa04g1tmxwf7afo3vq,tcgtracking,POKEMON,en,2155,CCP,Countdown Calendar Promos,no_exact_or_safe_unique_match,Promos-A,0.25,logo:tcgtracking_set_symbol_endpoint;symbol:tcgtracking_set_symbol_endpoint
cmprd0dqd0590tmxw1zu0mqb9,tcgtracking,POKEMON,en,609,PR,DP Training Kit 1 Blue,no_exact_or_safe_unique_match,DP trainer Kit (Manaphy),0.2857142857142857,logo:bulbagarden_archive_not_authoritative_for_this_gate;symbol:tcgtracking_set_symbol_endpoint
cmprd0gra0591tmxwc4ijhlkb,tcgtracking,POKEMON,en,610,PR,DP Training Kit 1 Gold,no_exact_or_safe_unique_match,DP trainer Kit (Manaphy),0.2857142857142857,logo:bulbagarden_archive_not_authoritative_for_this_gate;symbol:tcgtracking_set_symbol_endpoint
cmprd0jp10592tmxwp3xivlrv,tcgtracking,POKEMON,en,1541,PR,DP Trainer Kit: Manaphy & Lucario,no_exact_or_safe_unique_match,DP trainer Kit (Manaphy),0.6666666666666666,logo:tcgtracking_set_symbol_endpoint;symbol:tcgtracking_set_symbol_endpoint
cmprd15mv05p3tmxwd6ig7zov,tcgtracking,POKEMON,en,1421,PR,Diamond and Pearl Promos,no_exact_or_safe_unique_match,Diamond & Pearl,0.75,logo:bulbagarden_archive_not_authoritative_for_this_gate;symbol:tcgtracking_set_symbol_endpoint
cmprd4dac01r4tmxcqpuci6rf,tcgtracking,POKEMON,en,1853,BST,EX Battle Stadium,no_exact_or_safe_unique_match,Battle Styles,0.25,logo:bulbagarden_archive_not_authoritative_for_this_gate;symbol:tcgtracking_set_symbol_endpoint
cmprd4r4l020qtmxcxg7d7q47,tcgtracking,POKEMON,en,2214,KWBP,Kids WB Promos,no_exact_or_safe_unique_match,Promos-A,0.25,logo:bulbagarden_archive_not_authoritative_for_this_gate;symbol:tcgtracking_set_symbol_endpoint
cmprd6qe003f8tmxcrogvffrn,tcgtracking,POKEMON,en,1455,PR,Best of Promos,no_exact_or_safe_unique_match,Best of game,0.5,logo:bulbagarden_archive_not_authoritative_for_this_gate;symbol:tcgtracking_set_symbol_endpoint
cmprd6rmj03g3tmxclrx5b97y,tcgtracking,POKEMON,en,1375,EX,Expedition,no_exact_or_safe_unique_match,Expedition Base Set,0.3333333333333333,logo:bulbagarden_archive_not_authoritative_for_this_gate;symbol:tcgtracking_set_symbol_endpoint
cmprd74ze03pgtmxcdmk3rirz,tcgtracking,POKEMON,en,24493,SAMPLE,e-Reader Sample Cards,no_exact_or_safe_unique_match,Sample,0.25,logo:bulbagarden_archive_not_authoritative_for_this_gate;symbol:tcgtracking_set_symbol_endpoint
cmprd9jfv05emtmxcixt9r5qo,tcgtracking,POKEMON,en,1418,PR,WoTC Promo,no_exact_or_safe_unique_match,Base Set,0,logo:tcgtracking_set_symbol_endpoint;symbol:tcgtracking_set_symbol_endpoint
cmprda2y605sjtmxcn0c1wsls,tcgtracking,POKEMON,en,1663,BSS,Base Set (Shadowless),no_exact_or_safe_unique_match,Base Set,0.6666666666666666,logo:bulbagarden_archive_not_authoritative_for_this_gate;symbol:tcgtracking_set_symbol_endpoint
cmpt1r6j90091q0digy3xnmfw,tcgtracking,POKEMON,ja,85:24198,,Pokemon Card Information Promotional cards,pokemon_jp_name_language_mismatch,,,
cmpt1r7fb0092q0dium77ii02,tcgtracking,POKEMON,ja,85:24172,,Unnumbered Promotional cards,pokemon_jp_name_language_mismatch,,,
cmpt1r89p0093q0diumzzypn2,tcgtracking,POKEMON,ja,85:24205,,Unnumbered World Championships,pokemon_jp_name_language_mismatch,,,
cmpt1r92e0094q0diaicaqzki,tcgtracking,POKEMON,ja,85:24206,,Vending Machine cards Series 1 (Blue),pokemon_jp_name_language_mismatch,,,
cmpt1r9wo0095q0di8l24buwk,tcgtracking,POKEMON,ja,85:24207,,Vending Machine cards Series 2 (Red),pokemon_jp_name_language_mismatch,,,
cmpt1rav50096q0di5fhrt3gf,tcgtracking,POKEMON,ja,85:24208,,Vending Machine cards Series 3 (Green),pokemon_jp_name_language_mismatch,,,
cmpt1rbo50097q0dift3btnzz,tcgtracking,POKEMON,ja,85:24200,,World Hobby Fair,pokemon_jp_name_language_mismatch,,,
cmpt1qyju008rq0dizmsnh3p6,tcgtracking,POKEMON,ja,85:24197,,64 Mario Stadium Best Photo Contest,pokemon_jp_name_language_mismatch,,,
cmpt1qzf4008sq0disdgls25w,tcgtracking,POKEMON,ja,85:24199,,Battle Road,pokemon_jp_name_language_mismatch,,,
cmpt1r0gd008tq0did01e3ps1,tcgtracking,POKEMON,ja,85:24201,,Champion Road,pokemon_jp_name_language_mismatch,,,
cmpt1r1ad008uq0di0x0j614t,tcgtracking,POKEMON,ja,85:24194,,CoroCoro Promotional Cards,pokemon_jp_name_language_mismatch,,,
cmpt1r22u008vq0diy6qbyudd,tcgtracking,POKEMON,ja,85:24196,,Elementary School Competition,pokemon_jp_name_language_mismatch,,,
cmpt1r3l6008xq0dii925d40x,tcgtracking,POKEMON,ja,85:24195,,How I Became a Pokemon Card,pokemon_jp_name_language_mismatch,,,
cmpt1r4bh008yq0dicwylulpb,tcgtracking,POKEMON,ja,85:24489,,Limited Collection Master Battle Set,pokemon_jp_name_language_mismatch,,,
cmpt1r51y008zq0diapjekvg0,tcgtracking,POKEMON,ja,85:24203,,Pokemon Card Design Contest,pokemon_jp_name_language_mismatch,,,
cmpt1r5ss0090q0dis58odykw,tcgtracking,POKEMON,ja,85:24204,,Pokemon Card Fan Club,pokemon_jp_name_language_mismatch,,,
cmpt0mimm0000q0jf431b7vvi,tcgtracking,POKEMON,ja,85:24711,M5,M5: Abyss Eye,pokemon_jp_name_language_mismatch,,,
cmpt0mqln006pq0jfj6plkywu,tcgtracking,POKEMON,ja,85:24653,m4,M4: Ninja Spinner,pokemon_jp_name_language_mismatch,,,
cmpt0mutq00diq0jfjs8zq34u,tcgtracking,POKEMON,ja,85:24600,M3,M3: Nihil Zero,pokemon_jp_name_language_mismatch,,,
cmpt0n1tc00lgq0jf22gzykvl,tcgtracking,POKEMON,ja,85:24567,,Start Deck 100 Battle Collection,pokemon_jp_name_language_mismatch,,,
cmpt0mye400k5q0jf3hnzd48d,tcgtracking,POKEMON,ja,85:24607,MP1,MP1: Start Deck 100 Battle Collection CoroCiao Version,pokemon_jp_name_language_mismatch,,,
cmpt0npjb020fq0jfoiwpgz8v,tcgtracking,POKEMON,ja,85:24568,,Japanese CD Promo,pokemon_jp_name_language_mismatch,,,
cmpt0nqsq020oq0jfqw1ky3d4,tcgtracking,POKEMON,ja,85:24499,M2a,M2a: High Class Pack: MEGA Dream ex,pokemon_jp_name_language_mismatch,,,
cmpt0o1k202rtq0jf9jzthste,tcgtracking,POKEMON,ja,85:24459,M2,M2: Inferno X,pokemon_jp_name_language_mismatch,,,
cmpt0o4x102yeq0jf3441ihor,tcgtracking,POKEMON,ja,85:24444,MBG,MBG: MEGA Starter Set Mega Gengar ex,pokemon_jp_name_language_mismatch,,,
cmpt0o6at02zpq0jfl4yvzznx,tcgtracking,POKEMON,ja,85:24445,MBD,MBD: MEGA Starter Set Mega Diancie ex,pokemon_jp_name_language_mismatch,,,
cmpt0o7g10310q0jfw3wsngi8,tcgtracking,POKEMON,ja,85:24423,M-P,M-P Promotional Cards,pokemon_jp_name_language_mismatch,,,
cmpt0o96o034dq0jffoy0fxoi,tcgtracking,POKEMON,ja,85:24399,m1L,m1L: Mega Brave,pokemon_jp_name_language_mismatch,,,
cmpt0oc6k039oq0jfxjmi4hjv,tcgtracking,POKEMON,ja,85:24400,m1S,m1S: Mega Symphonia,pokemon_jp_name_language_mismatch,,,
cmpt0ogw203fuq0jf00ran4ci,tcgtracking,POKEMON,ja,85:24349,SV11B,SV11B: Black Bolt,pokemon_jp_name_language_mismatch,,,
cmpt0oosg03y7q0jf383opepw,tcgtracking,POKEMON,ja,85:24350,SV11W,SV11W: White Flare,pokemon_jp_name_language_mismatch,,,
cmpt0owa604gkq0jfhk6ptqok,tcgtracking,POKEMON,ja,85:24310,SV10,SV10: The Glory of Team Rocket,pokemon_jp_name_language_mismatch,,,
cmpt0ozx504o3q0jfpfnpilgj,tcgtracking,POKEMON,ja,85:24260,SV9a,SV9a: Heat Wave Arena,pokemon_jp_name_language_mismatch,,,
cmpt0p2a404tcq0jfzotzfiq5,tcgtracking,POKEMON,ja,85:24231,SVOM,SV: ex Starter Set Marnie's Morpeko & Grimmsnarl ex,pokemon_jp_name_language_mismatch,,,
cmpt0p3d404ujq0jffb3bzj9i,tcgtracking,POKEMON,ja,85:24230,SVOD,SV: ex Starter Set Steven's Beldum & Metagross ex,pokemon_jp_name_language_mismatch,,,
cmpt0p4hk04voq0jf1p4gsbpc,tcgtracking,POKEMON,ja,85:24173,SV9,SV9: Battle Partners,pokemon_jp_name_language_mismatch,,,
cmpt0p7tj0539q0jf4hhsag3q,tcgtracking,POKEMON,ja,85:24174,SVN,SVN: Battle Partners Deck Build Box,pokemon_jp_name_language_mismatch,,,
cmpt0pa3u055uq0jfnx8t1bkk,tcgtracking,POKEMON,ja,85:23909,SV8a,SV8a: Terastal Fest ex,pokemon_jp_name_language_mismatch,,,
cmpt0pke505wxq0jfp8orphg0,tcgtracking,POKEMON,ja,85:24324,,SVM: Generations Start Decks,pokemon_jp_name_language_mismatch,,,
cmpt0pp2v0678q0jf7szsmttd,tcgtracking,POKEMON,ja,85:23777,SV8,SV8: Super Electric Breaker,pokemon_jp_name_language_mismatch,,,
cmpt0psdn06f1q0jf2ilevbrj,tcgtracking,POKEMON,ja,85:23779,SV-P,SV-P Promotional Cards,pokemon_jp_name_language_mismatch,,,
cmpt0px6506req0jfxwerkmba,tcgtracking,POKEMON,ja,85:23604,SV7a,SV7a: Paradise Dragona,pokemon_jp_name_language_mismatch,,,
cmpt0q02h06wrq0jfjg7w95m7,tcgtracking,POKEMON,ja,85:23793,svL,SV: Ceruledge ex Stellar Tera Type Starter Set,pokemon_jp_name_language_mismatch,,,
cmpt0q2f806y0q0jfpmuct2ko,tcgtracking,POKEMON,ja,85:23798,svLN,SV: Sylveon ex Stellar Tera Type Starter Set,pokemon_jp_name_language_mismatch,,,
cmpt0q3hi06zbq0jf4rjb6m7j,tcgtracking,POKEMON,ja,85:24425,SBC,Special Box Collections,pokemon_jp_name_language_mismatch,,,
cmpt0q64q0725q0jfsfqsr6tw,tcgtracking,POKEMON,ja,85:23615,SV7,SV7: Stellar Miracle,pokemon_jp_name_language_mismatch,,,
cmpt0q49f06zmq0jfxvuvoddc,tcgtracking,POKEMON,ja,85:23794,svK,SV: Stellar Miracle Deck Build Box,pokemon_jp_name_language_mismatch,,,
cmpt0q9d4079uq0jfgl1f7yyd,tcgtracking,POKEMON,ja,85:23603,SV6a,SV6a: Night Wanderer,pokemon_jp_name_language_mismatch,,,
cmpt0qc7w07f7q0jfh4br32dg,tcgtracking,POKEMON,ja,85:23795,svJP,SV: Chien-Pao ex Battle Master Deck,pokemon_jp_name_language_mismatch,,,
cmpt0qda107gcq0jfr5ir2110,tcgtracking,POKEMON,ja,85:23796,svJL,SV: Terastal Charizard ex Battle Master Deck,pokemon_jp_name_language_mismatch,,,
cmpt0qedb07hlq0jfvw9f32qu,tcgtracking,POKEMON,ja,85:23614,SV6,SV6: Transformation Mask,pokemon_jp_name_language_mismatch,,,
cmpt0qhhx07p4q0jfvpmd4mly,tcgtracking,POKEMON,ja,85:23602,SV5a,SV5a: Crimson Haze,pokemon_jp_name_language_mismatch,,,
cmpt0qkaz07unq0jffihxl5qf,tcgtracking,POKEMON,ja,85:23822,svI,Battle Academy,pokemon_jp_name_language_mismatch,,,logo:bulbagarden_archive_not_authoritative_for_this_gate;symbol:tcgtracking_set_symbol_endpoint
cmpt0qmlq07ysq0jf4zptytfh,tcgtracking,POKEMON,ja,85:23797,svH,SV: ex Starter Deck & Build Set,pokemon_jp_name_language_mismatch,,,
cmpt0qqzb084rq0jf8ktapm4z,tcgtracking,POKEMON,ja,85:23612,SV5K,SV5K: Wild Force,pokemon_jp_name_language_mismatch,,,
cmpt0qtq908agq0jf96imjh01,tcgtracking,POKEMON,ja,85:23613,SV5M,SV5M: Cyber Judge,pokemon_jp_name_language_mismatch,,,
cmpt0qn2t07ytq0jfm7gxnmgu,tcgtracking,POKEMON,ja,85:23810,svHK,SV: Ancient Koraidon ex Starter Deck & Build Set,pokemon_jp_name_language_mismatch,,,
cmpt0qp67081uq0jf37607lt4,tcgtracking,POKEMON,ja,85:23811,svHM,SV: Future Miraidon ex Starter Deck & Build Set,pokemon_jp_name_language_mismatch,,,
cmpt0qx4y08g5q0jfs88qull7,tcgtracking,POKEMON,ja,85:23601,SV4a,SV4a: Shiny Treasure ex,pokemon_jp_name_language_mismatch,,,
cmpt0r7ro0976q0jf4q3g8fmd,tcgtracking,POKEMON,ja,85:23812,svG,"SV: Venusaur, Charizard & Blastoise Special Deck Set",pokemon_jp_name_language_mismatch,,,
cmpt0r9ma09a5q0jfba7fokyt,tcgtracking,POKEMON,ja,85:23610,SV4K,SV4K: Ancient Roar,pokemon_jp_name_language_mismatch,,,
cmpt0rcul09fkq0jfdiwtwelf,tcgtracking,POKEMON,ja,85:23611,SV4M,SV4M: Future Flash,pokemon_jp_name_language_mismatch,,,
cmpt0rhnm09ndq0jfh1liewof,tcgtracking,POKEMON,ja,85:23600,SV3a,SV3a: Raging Surf,pokemon_jp_name_language_mismatch,,,
cmpt0rfh209kzq0jfnaax7e6s,tcgtracking,POKEMON,ja,85:23799,svEM,SV: Mewtwo ex Terastal Starter Set,pokemon_jp_name_language_mismatch,,,
cmpt0rgjn09m6q0jf00qf8ofj,tcgtracking,POKEMON,ja,85:23800,svEL,SV: Skeledirge ex Terastal Starter Set,pokemon_jp_name_language_mismatch,,,
cmpt0rm5g09utq0jfdyn9cwnw,tcgtracking,POKEMON,ja,85:23609,SV3,SV3: Ruler of the Black Flame,pokemon_jp_name_language_mismatch,,,
cmpt0rkkp09smq0jfqwb03acy,tcgtracking,POKEMON,ja,85:23801,svF,SV: Ruler of the Black Flame Deck Build Box,pokemon_jp_name_language_mismatch,,,
cmpt0rqf20a2sq0jfz43t5apf,tcgtracking,POKEMON,ja,85:23802,WCS23,WCS23: 2023 World Championships Yokohama Deck: Pikachu,pokemon_jp_name_language_mismatch,,,
cmpt0rs4o0a4jq0jf35izt5e1,tcgtracking,POKEMON,ja,85:23803,svD,SV: ex Start Decks,pokemon_jp_name_language_mismatch,,,
cmpt0rwer0acuq0jfbtinzdp9,tcgtracking,POKEMON,ja,85:23599,SV2a,SV2a: Pokemon Card 151,pokemon_jp_name_language_mismatch,,,
cmpt0s7nq0b5nq0jf5n9fa39v,tcgtracking,POKEMON,ja,85:23804,svP1,SV: ex Special Set,pokemon_jp_name_language_mismatch,,,
cmpt0s8sq0b62q0jf1sgdbjd6,tcgtracking,POKEMON,ja,85:23608,SV2D,SV2D: Clay Burst,pokemon_jp_name_language_mismatch,,,
cmpt0sbvk0bbpq0jft17dak81,tcgtracking,POKEMON,ja,85:23607,SV2P,SV2P: Snow Hazard,pokemon_jp_name_language_mismatch,,,
cmpt0sevt0bhcq0jf3tz9xion,tcgtracking,POKEMON,ja,85:23805,svC,SV: ex Starter Set Pikachu ex & Pawmot,pokemon_jp_name_language_mismatch,,,
cmpt0sg2c0bibq0jf61xfrb25,tcgtracking,POKEMON,ja,85:23598,SV1a,SV1a: Triplet Beat,pokemon_jp_name_language_mismatch,,,
cmpt0sj650bo6q0jfa2wt1yvk,tcgtracking,POKEMON,ja,85:24468,,Triple Starter Deck Set VMAX,pokemon_jp_name_language_mismatch,,,
cmpt0sjxc0bo9q0jfpo7140n8,tcgtracking,POKEMON,ja,85:23817,CLV,Pokemon TCG Classic: Blastoise,pokemon_jp_name_language_mismatch,,,
cmpt0slql0bq6q0jfgftjsqrb,tcgtracking,POKEMON,ja,85:23818,CLL,Pokemon TCG Classic: Charizard,pokemon_jp_name_language_mismatch,,,
cmpt0snhl0bs3q0jf00hz1ncl,tcgtracking,POKEMON,ja,85:23819,CLF,Pokemon TCG Classic: Venusaur,pokemon_jp_name_language_mismatch,,,
cmpt0sucw0bzmq0jfaacu1c0i,tcgtracking,POKEMON,ja,85:23605,SV1S,SV1S: Scarlet ex,pokemon_jp_name_language_mismatch,,,
cmpt0sxng0c5rq0jfayl3b1zb,tcgtracking,POKEMON,ja,85:23606,SV1V,SV1V: Violet ex,pokemon_jp_name_language_mismatch,,,
cmpt0spbd0bu0q0jfup5yh2ya,tcgtracking,POKEMON,ja,85:23809,svAW,SV: ex Starter Set Fuecoco & Ampharos ex,pokemon_jp_name_language_mismatch,,,
cmpt0sqiy0bv9q0jfurjzzm73,tcgtracking,POKEMON,ja,85:23808,svAM,SV: ex Starter Set Quaxly & Mimikyu ex,pokemon_jp_name_language_mismatch,,,
cmpt0srvr0bwmq0jfe6tw1z5a,tcgtracking,POKEMON,ja,85:23807,svAM,SV: ex Starter Set Sprigatito & Lucario ex,pokemon_jp_name_language_mismatch,,,
cmpt0st660bxzq0jf0ksjw0mz,tcgtracking,POKEMON,ja,85:23806,svB,SV: Premium Trainer Box ex,pokemon_jp_name_language_mismatch,,,
cmpt0t17b0cbwq0jfqujlzinx,tcgtracking,POKEMON,ja,85:23645,S12a,S12a: VSTAR Universe,pokemon_jp_name_language_mismatch,,,
cmpt0tcwf0cvjq0jf2nbnxl69,tcgtracking,POKEMON,ja,85:23830,s0,s0: Charizard VSTAR vs Rayquaza VMAX Special Deck Set,pokemon_jp_name_language_mismatch,,,
cmpt0te4m0cx8q0jf3w371cyz,tcgtracking,POKEMON,ja,85:23632,S12,S12: Paradigm Trigger,pokemon_jp_name_language_mismatch,,,
cmpt0ti5k0d4bq0jfnj6aykb1,tcgtracking,POKEMON,ja,85:23642,S11a,S11a: Incandescent Arcana,pokemon_jp_name_language_mismatch,,,
cmpt0tlzv0dc8q0jfobl9rael,tcgtracking,POKEMON,ja,85:23831,sp6,sp6: VSTAR Special Set,pokemon_jp_name_language_mismatch,,,
cmpt0tmst0dclq0jfck867bz4,tcgtracking,POKEMON,ja,85:23631,S11,S11: Lost Abyss,pokemon_jp_name_language_mismatch,,,
cmpt0tqcv0djsq0jfr6fuknc8,tcgtracking,POKEMON,ja,85:23832,sPD,sPD: Deoxys VSTAR & VMAX High-Class Deck,pokemon_jp_name_language_mismatch,,,
cmpt0trpu0dkxq0jfpffzue1t,tcgtracking,POKEMON,ja,85:23833,sPZ,sPZ: Zeraora VSTAR & VMAX High-Class Deck,pokemon_jp_name_language_mismatch,,,
cmpt0tt3d0dm2q0jfddj7w8tp,tcgtracking,POKEMON,ja,85:23641,S10b,S10b: Pokemon GO,pokemon_jp_name_language_mismatch,,,
cmpt0tvtm0drzq0jferdzz120,tcgtracking,POKEMON,ja,85:23640,S10a,S10a: Dark Phantasma,pokemon_jp_name_language_mismatch,,,
cmpt0tzoj0e0cq0jfaz2yatof,tcgtracking,POKEMON,ja,85:23629,S10D,S10D: Time Gazer,pokemon_jp_name_language_mismatch,,,
cmpt0u31z0e5dq0jfb18392qp,tcgtracking,POKEMON,ja,85:23630,S10P,S10P: Space Juggler,pokemon_jp_name_language_mismatch,,,
cmpt0u5ey0eaeq0jf8d2mpw0y,tcgtracking,POKEMON,ja,85:23835,sN,sN: Start Deck 100 CoroCoro Comic Version,pokemon_jp_name_language_mismatch,,,
cmpt0u6tt0ebrq0jfg3zwl40j,tcgtracking,POKEMON,ja,85:23639,S9a,S9a: Battle Region,pokemon_jp_name_language_mismatch,,,
cmpt0uad00ejkq0jfaa6how66,tcgtracking,POKEMON,ja,85:23866,sLD,sLD: Darkrai Starter Set VSTAR,pokemon_jp_name_language_mismatch,,,
cmpt0ubfo0ekpq0jf4tlzal7r,tcgtracking,POKEMON,ja,85:23836,sLL,sLL: Lucario Starter Set VSTAR,pokemon_jp_name_language_mismatch,,,
cmpt0uct10elwq0jf8sqreni5,tcgtracking,POKEMON,ja,85:23628,S9,S9: Star Birth,pokemon_jp_name_language_mismatch,,,
cmpt0uglv0et3q0jfnyaz2e91,tcgtracking,POKEMON,ja,85:23837,sK,sK: VSTAR Premium Trainer Box,pokemon_jp_name_language_mismatch,,,
cmpt0uimv0euuq0jfh7s47oh5,tcgtracking,POKEMON,ja,85:23859,SI,SI: Start Deck 100,pokemon_jp_name_language_mismatch,,,
cmpt0uv630fnvq0jf4bnm9k5k,tcgtracking,POKEMON,ja,85:23644,S8b,S8b: VMAX Climax,pokemon_jp_name_language_mismatch,,,
cmpt0v3mp0gaeq0jfwfmmze8h,tcgtracking,POKEMON,ja,85:23838,s8a-G,s8a-G: 25th Anniversary Golden Box,pokemon_jp_name_language_mismatch,,,
cmpt0v4p70gbdq0jfvzeirs62,tcgtracking,POKEMON,ja,85:23839,sJ,sJ: Zacian & Zamazenta vs Eternatus Special Deck Set,pokemon_jp_name_language_mismatch,,,
cmpt0v65g0gd2q0jf7h8v5hd2,tcgtracking,POKEMON,ja,85:23638,S8a,S8a: 25th Anniversary Collection,pokemon_jp_name_language_mismatch,,,
cmpt0v8a80gg9q0jf71e2s5yo,tcgtracking,POKEMON,ja,85:23847,s8a-P,s8a-P: Promo Card Pack 25th Anniversary Edition,pokemon_jp_name_language_mismatch,,,
cmpt0v9eb0ghqq0jfsmb90111,tcgtracking,POKEMON,ja,85:23627,S8,S8: Fusion Arts,pokemon_jp_name_language_mismatch,,,
cmpt0vcen0gp1q0jf66hl4kzc,tcgtracking,POKEMON,ja,85:23840,sp5,sp5: V-UNION Special Card Sets,pokemon_jp_name_language_mismatch,,,
cmpt0vd7n0gpsq0jfi33f6ri6,tcgtracking,POKEMON,ja,85:23625,S7D,S7D: Skyscraping Perfection,pokemon_jp_name_language_mismatch,,,
cmpt0vfv80guxq0jf6oen9tz0,tcgtracking,POKEMON,ja,85:23626,S7R,S7R: Blue Sky Stream,pokemon_jp_name_language_mismatch,,,
cmpt0vi8m0h02q0jfu99my817,tcgtracking,POKEMON,ja,85:23865,sH,sH: Sword & Shield Family Pokemon Card Game,pokemon_jp_name_language_mismatch,,,
cmpt0vjxy0h31q0jfop3a9imc,tcgtracking,POKEMON,ja,85:23826,sGG,SS: Gengar VMAX High-Class Deck,pokemon_jp_name_language_mismatch,,,
cmpt0vlak0h46q0jf6bzj1p4o,tcgtracking,POKEMON,ja,85:23827,sGI,SS: Inteleon VMAX High-Class Deck,pokemon_jp_name_language_mismatch,,,
cmpt0vmek0h5hq0jfpo1i0orm,tcgtracking,POKEMON,ja,85:23637,S6a,S6a: Eevee Heroes,pokemon_jp_name_language_mismatch,,,
cmpt0vpn90hbaq0jflv6oyiqg,tcgtracking,POKEMON,ja,85:23841,sp4,sp4: Eevee Heroes VMAX Special Set,pokemon_jp_name_language_mismatch,,,
cmpt0vqgg0hbjq0jf37tkjyl1,tcgtracking,POKEMON,ja,85:23623,S6H,S6H: Silver Lance,pokemon_jp_name_language_mismatch,,,
cmpt0vt430hgyq0jfyq9x2ozy,tcgtracking,POKEMON,ja,85:23624,S6K,S6K: Jet-Black Spirit,pokemon_jp_name_language_mismatch,,,
cmpt0vvp70hmdq0jfmrp4hckf,tcgtracking,POKEMON,ja,85:23829,sp3,SS: Silver Lance & Jet-Black Spirit Jumbo Pack Set,pokemon_jp_name_language_mismatch,,,
cmpt0vwho0hmqq0jfoqpax91s,tcgtracking,POKEMON,ja,85:23636,S5a,S5a: Peerless Fighters,pokemon_jp_name_language_mismatch,,,
cmpt0vzaw0hs7q0jf9a4m32v2,tcgtracking,POKEMON,ja,85:23621,S5I,S5I: Single Strike Master,pokemon_jp_name_language_mismatch,,,
cmpt0w2930hxeq0jfk90uyndj,tcgtracking,POKEMON,ja,85:23622,S5R,S5R: Rapid Strike Master,pokemon_jp_name_language_mismatch,,,
cmpt0w55c0i2lq0jf702ity9z,tcgtracking,POKEMON,ja,85:23864,sF,sF: Single Strike & Rapid Strike Premium Trainer Boxes,pokemon_jp_name_language_mismatch,,,
cmpt0w6ph0i4gq0jfmn4hc3mk,tcgtracking,POKEMON,ja,85:23843,sC2,sC2: Charizard Starter Set VMAX 2,pokemon_jp_name_language_mismatch,,,
cmpt0w7rv0i5nq0jf8x75zsxv,tcgtracking,POKEMON,ja,85:23844,sEF,sEF: Venusaur Starter Set VMAX,pokemon_jp_name_language_mismatch,,,
cmpt0w8tv0i6uq0jf05npdtq3,tcgtracking,POKEMON,ja,85:23842,sEK,sEK: Blastoise Starter Set VMAX,pokemon_jp_name_language_mismatch,,,
cmpt0wb5o0i7zq0jfsbfo7p10,tcgtracking,POKEMON,ja,85:23643,S4a,S4a: Shiny Star V,pokemon_jp_name_language_mismatch,,,
cmpt0wllb0ixcq0jfyeauoiuc,tcgtracking,POKEMON,ja,85:23852,sp2,sp2: VMAX Special Set,pokemon_jp_name_language_mismatch,,,
cmpt0wmp90ixtq0jf7jfcs6xq,tcgtracking,POKEMON,ja,85:23620,S4,S4: Amazing Volt Tackle,pokemon_jp_name_language_mismatch,,,
cmpt0x9cf006vq0pzdvj53nkw,tcgtracking,POKEMON,ja,85:23635,S3a,S3a: Legendary Heartbeat,pokemon_jp_name_language_mismatch,,,
cmpt0xd0300c8q0pzm05e2f45,tcgtracking,POKEMON,ja,85:23853,sD,sD: V Starter Decks,pokemon_jp_name_language_mismatch,,,
cmpt0xicr00jbq0pzmwblhum5,tcgtracking,POKEMON,ja,85:23619,S3,S3: Infinity Zone,pokemon_jp_name_language_mismatch,,,
cmpt0xmqe00q2q0pzpxyf04p5,tcgtracking,POKEMON,ja,85:23634,S2a,S2a: Explosive Walker,pokemon_jp_name_language_mismatch,,,
cmpt0xp6j00uzq0pz2ehfbsk3,tcgtracking,POKEMON,ja,85:23854,sC,sC: Charizard Starter Set VMAX,pokemon_jp_name_language_mismatch,,,
cmpt0xq9l00w6q0pzim0dlxzl,tcgtracking,POKEMON,ja,85:23855,sC,sC: Grimmsnarl Starter Set VMAX,pokemon_jp_name_language_mismatch,,,
cmpt0xrpc00xbq0pzw93olvrd,tcgtracking,POKEMON,ja,85:23618,S2,S2: Rebellion Crash,pokemon_jp_name_language_mismatch,,,
cmpt0xuvo013uq0pzty85vkxi,tcgtracking,POKEMON,ja,85:23633,S1a,S1a: VMAX Rising,pokemon_jp_name_language_mismatch,,,
cmpt0xy0p018rq0pznibb18hj,tcgtracking,POKEMON,ja,85:23856,sp1,sp1: Zacian + Zamazenta Box,pokemon_jp_name_language_mismatch,,,
cmpt0xz3z0196q0pz8ixpb21k,tcgtracking,POKEMON,ja,85:23617,S1H,S1H: Shield,pokemon_jp_name_language_mismatch,,,
cmpt0y1km01dhq0pzdrkofp13,tcgtracking,POKEMON,ja,85:23616,S1W,S1W: Sword,pokemon_jp_name_language_mismatch,,,
cmpt0y4ck01hsq0pz87gcfnzc,tcgtracking,POKEMON,ja,85:23863,sB,sB: Sword & Shield Premium Trainer Box,pokemon_jp_name_language_mismatch,,,
cmpt0y66301j5q0pzfdaijzez,tcgtracking,POKEMON,ja,85:23857,sA,sA: Fighting Starter Set V,pokemon_jp_name_language_mismatch,,,
cmpt0y7vy01lqq0pzklmxm4k3,tcgtracking,POKEMON,ja,85:23858,sA,sA: Fire Starter Set V,pokemon_jp_name_language_mismatch,,,
cmpt0ya0v01o9q0pz6477srb4,tcgtracking,POKEMON,ja,85:23860,sA,sA: Grass Starter Set V,pokemon_jp_name_language_mismatch,,,
cmpt0ybrb01qsq0pzjl47urc9,tcgtracking,POKEMON,ja,85:23861,sA,sA: Lightning Starter Set V,pokemon_jp_name_language_mismatch,,,
cmpt0yed701tdq0pz87617di1,tcgtracking,POKEMON,ja,85:23862,sA,sA: Water Starter Set V,pokemon_jp_name_language_mismatch,,,
cmpt0yggg01vwq0pzyp0ayejx,tcgtracking,POKEMON,ja,85:23876,S-P,S-P: Sword & Shield Promos,pokemon_jp_name_language_mismatch,,,
cmpt0yozv02f5q0pztxfffvht,tcgtracking,POKEMON,ja,85:24514,BW,BW: Extra Regulation Box,pokemon_jp_name_language_mismatch,,,
cmpt0yr2q02huq0pz0q46s0tr,tcgtracking,POKEMON,ja,85:23709,SM12a,SM12a: TAG TEAM GX: Tag All Stars,pokemon_jp_name_language_mismatch,,,
cmpt0yyx5031jq0pzcl26s6xn,tcgtracking,POKEMON,ja,85:23691,SM12,SM12: Alter Genesis,pokemon_jp_name_language_mismatch,,,
cmpt0z1t60386q0pze5s4zyya,tcgtracking,POKEMON,ja,85:23706,SM11b,SM11b: Dream League,pokemon_jp_name_language_mismatch,,,
cmpt0z4fu03chq0pz3bq15tj8,tcgtracking,POKEMON,ja,85:23705,SM11a,SM11a: Remix Bout,pokemon_jp_name_language_mismatch,,,
cmpt0z6ub03h2q0pze44e8k0q,tcgtracking,POKEMON,ja,85:23690,SM11,SM11: Miracle Twin,pokemon_jp_name_language_mismatch,,,
cmpt0za4603nlq0pzdssws2ho,tcgtracking,POKEMON,ja,85:23868,smM,smM: Tag Team GX Starter Sets,pokemon_jp_name_language_mismatch,,,
cmpt0zbir03pcq0pzpj1cdwmw,tcgtracking,POKEMON,ja,85:23704,SM10b,SM10b: Sky Legend,pokemon_jp_name_language_mismatch,,,
cmpt0zdj103tbq0pzfewkdcsy,tcgtracking,POKEMON,ja,85:23869,smP2,smP2: Great Detective Pikachu,pokemon_jp_name_language_mismatch,,,
cmpt0zemr03uuq0pzv0zedvo1,tcgtracking,POKEMON,ja,85:23703,SM10a,SM10a: GG End,pokemon_jp_name_language_mismatch,,,
cmpt0zgo403ytq0pz8pzv6rqf,tcgtracking,POKEMON,ja,85:23870,smL,smL: Sun & Moon Family Pokemon Card Game,pokemon_jp_name_language_mismatch,,,
cmpt0zi3v041oq0pzmcgsae1s,tcgtracking,POKEMON,ja,85:23689,SM10,SM10: Double Blaze,pokemon_jp_name_language_mismatch,,,
cmpt0zlun0489q0pztgq98h0g,tcgtracking,POKEMON,ja,85:23871,smN,smN: Tag Team GX Deck Build Box,pokemon_jp_name_language_mismatch,,,
cmpt0zn66049wq0pzl169uti1,tcgtracking,POKEMON,ja,85:23702,SM9b,SM9b: Full Metal Wall,pokemon_jp_name_language_mismatch,,,
cmpt0zpov04dvq0pzdmj4fz6t,tcgtracking,POKEMON,ja,85:23872,smK,smK: Trainer Battle Decks,pokemon_jp_name_language_mismatch,,,
cmpt0zr2v04fmq0pzifoqq60f,tcgtracking,POKEMON,ja,85:23701,SM9a,SM9a: Night Unison,pokemon_jp_name_language_mismatch,,,
cmpt0zt3i04jnq0pzeotf5nkb,tcgtracking,POKEMON,ja,85:23688,SM9,SM9: Tag Bolt,pokemon_jp_name_language_mismatch,,,
cmpt0zw9y04qcq0pza6q2ncgr,tcgtracking,POKEMON,ja,85:23873,smJ,smJ: Tag Team GX Premium Trainer Box,pokemon_jp_name_language_mismatch,,,
cmpt0zyam04sbq0pz0jfa8v6l,tcgtracking,POKEMON,ja,85:23875,smI,"smI: Flareon-GX, Vaporeon-GX & Jolteon-GX Starter Sets",pokemon_jp_name_language_mismatch,,,
cmpt101ag04wkq0pzshtp9oy8,tcgtracking,POKEMON,ja,85:23708,SM8b,SM8b: GX Ultra Shiny,pokemon_jp_name_language_mismatch,,,
cmpt109ed05g1q0pz3vdlvszi,tcgtracking,POKEMON,ja,85:23700,SM8a,SM8a: Dark Order,pokemon_jp_name_language_mismatch,,,
cmpt10bmz05jsq0pzmvih20jj,tcgtracking,POKEMON,ja,85:23687,SM8,SM8: Super-Burst Impact,pokemon_jp_name_language_mismatch,,,
cmpt10ei605q3q0pzhhxdbsb1,tcgtracking,POKEMON,ja,85:23699,SM7b,SM7b: Fairy Rise,pokemon_jp_name_language_mismatch,,,
cmpt10gyy05tqq0pzogeojto8,tcgtracking,POKEMON,ja,85:23888,smH,smH: GX Starter Decks,pokemon_jp_name_language_mismatch,,,
cmpt10k2w0611q0pz2zgncpc3,tcgtracking,POKEMON,ja,85:23698,SM7a,SM7a: Thunderclap Spark,pokemon_jp_name_language_mismatch,,,
cmpt10met0658q0pzpov7eh7w,tcgtracking,POKEMON,ja,85:23686,SM7,SM7: Sky-Splitting Charisma,pokemon_jp_name_language_mismatch,,,
cmpt10q3b06blq0pzqq29yycp,tcgtracking,POKEMON,ja,85:23697,SM6b,SM6b: Champion Road,pokemon_jp_name_language_mismatch,,,
cmpt10tfq06giq0pzkq9vmy91,tcgtracking,POKEMON,ja,85:23696,SM6a,SM6a: Dragon Storm,pokemon_jp_name_language_mismatch,,,
cmpt10vjt06kbq0pzk34csosd,tcgtracking,POKEMON,ja,85:23685,SM6,SM6: Forbidden Light,pokemon_jp_name_language_mismatch,,,
cmpt10yzq06qkq0pzoejk2hti,tcgtracking,POKEMON,ja,85:23886,smG,smG: Ultra Sun & Ultra Moon Deck Build Boxes,pokemon_jp_name_language_mismatch,,,
cmpt110o206svq0pzy84v8ep8,tcgtracking,POKEMON,ja,85:23695,SM5+,SM5+: Ultra Force,pokemon_jp_name_language_mismatch,,,
cmpt1135406wsq0pzdsgm6m7k,tcgtracking,POKEMON,ja,85:23684,SM5M,SM5M: Ultra Moon,pokemon_jp_name_language_mismatch,,,
cmpt115rm0719q0pz0ns8jg6z,tcgtracking,POKEMON,ja,85:23683,SM5S,SM5S: Ultra Sun,pokemon_jp_name_language_mismatch,,,
cmpt118m1075qq0pz7ds1lkpq,tcgtracking,POKEMON,ja,85:23885,smF,smF: Ultra Sun & Ultra Moon Premium Trainer Box,pokemon_jp_name_language_mismatch,,,
cmpt119oz076vq0pz7ffm1jle,tcgtracking,POKEMON,ja,85:23884,smE,smE: Solgaleo-GX & Lunala-GX Legendary Starter Set,pokemon_jp_name_language_mismatch,,,
cmpt11b9v0782q0pz5cd629hh,tcgtracking,POKEMON,ja,85:23707,SM4+,SM4+: GX Battle Boost,pokemon_jp_name_language_mismatch,,,
cmpt11eoc07f5q0pz1io9v4us,tcgtracking,POKEMON,ja,85:23682,SM4A,SM4A: Ultradimensional Beasts,pokemon_jp_name_language_mismatch,,,
cmpt11gk607iqq0pzfaqwaalb,tcgtracking,POKEMON,ja,85:23681,SM4S,SM4S: Awakened Heroes,pokemon_jp_name_language_mismatch,,,
cmpt11idw07mbq0pz686b3ywk,tcgtracking,POKEMON,ja,85:23694,SM3+,SM3+: Shining Legends,pokemon_jp_name_language_mismatch,,,
cmpt11kpz07r0q0pzczfgjqax,tcgtracking,POKEMON,ja,85:23679,SM3H,SM3H: To Have Seen the Battle Rainbow,pokemon_jp_name_language_mismatch,,,
cmpt11n2y07upq0pz7yomlgl4,tcgtracking,POKEMON,ja,85:23680,SM3N,SM3N: Darkness that Consumes Light,pokemon_jp_name_language_mismatch,,,
cmpt11wu408gdq0pzmovia26c,tcgtracking,POKEMON,ja,85:23693,SM2+,SM2+: Facing a New Trial,pokemon_jp_name_language_mismatch,,,
cmpt11z7408keq0pzplfh2xku,tcgtracking,POKEMON,ja,85:23883,smD,smD: Ash vs Team Rocket Deck Kit,pokemon_jp_name_language_mismatch,,,
cmpt11pcy07yeq0pzffjyhw8r,tcgtracking,POKEMON,ja,85:23887,XY,SM: The Best of XY,pokemon_jp_name_language_mismatch,,,
cmpt120lx08m3q0pznlh7au9q,tcgtracking,POKEMON,ja,85:23677,SM2K,SM2K: Islands Await You,pokemon_jp_name_language_mismatch,,,
cmpt122g808poq0pzc4eps6kd,tcgtracking,POKEMON,ja,85:23678,SM2L,SM2L: Alolan Moonlight,pokemon_jp_name_language_mismatch,,,
cmpt124z008t9q0pzidzcu4tt,tcgtracking,POKEMON,ja,85:23882,smC,smC: Tapu Bulu-GX Enhanced Starter Set,pokemon_jp_name_language_mismatch,,,
cmpt1270g08ugq0pz3l35grln,tcgtracking,POKEMON,ja,85:23880,sm1+,sm1+: Enhanced Expansion Pack Sun & Moon,pokemon_jp_name_language_mismatch,,,
cmpt1292a08yjq0pzhgn6noyc,tcgtracking,POKEMON,ja,85:23692,SM1+,SM1+: Sun & Moon,pokemon_jp_name_language_mismatch,,,
cmpt129tr08yqq0pzwt51ha9j,tcgtracking,POKEMON,ja,85:23877,smP1,smP1: Rockruff Full Power Deck,pokemon_jp_name_language_mismatch,,,
cmpt12ax508zhq0pzciy87269,tcgtracking,POKEMON,ja,85:23676,SM1M,SM1M: Collection Moon,pokemon_jp_name_language_mismatch,,,
cmpt12dkh093oq0pzj81yrsow,tcgtracking,POKEMON,ja,85:23675,SM1S,SM1S: Collection Sun,pokemon_jp_name_language_mismatch,,,
cmpt1ceex097vq0k444cobyfq,tcgtracking,POKEMON,ja,85:23879,smA,smA: Sun & Moon Starter Set,pokemon_jp_name_language_mismatch,,,
cmpt1ch0o09b6q0k444sfx197,tcgtracking,POKEMON,ja,85:23878,smB,smB: Premium Trainer Box,pokemon_jp_name_language_mismatch,,,
cmpt1cid509c7q0k4yivkumpe,tcgtracking,POKEMON,ja,85:23674,SM0,SM0: Pikachu's New Friends,pokemon_jp_name_language_mismatch,,,
cmpt1cjhl09ciq0k4jr6r7x6g,tcgtracking,POKEMON,ja,85:23881,SM-P,SM-P: Sun & Moon Promos,pokemon_jp_name_language_mismatch,,,
cmpt1cv9j09zbq0k4hlao89kz,tcgtracking,POKEMON,ja,85:23982,CP6,CP6: Expansion Pack 20th Anniversary,pokemon_jp_name_language_mismatch,,,
cmpt1cz780a54q0k4czsz7hsj,tcgtracking,POKEMON,ja,85:23981,CP5,CP5: Mythical & Legendary Dream Shine Collection,pokemon_jp_name_language_mismatch,,,
cmpt140qx097vq0pz71og8snv,tcgtracking,POKEMON,ja,85:23916,XY11-Bb,XY11-Bb: Fever-Burst Fighter,pokemon_jp_name_language_mismatch,,,
cmpt146h709aqq0pzhtuxjpz1,tcgtracking,POKEMON,ja,85:23917,XY11-Br,XY11-Br: Cruel Traitor,pokemon_jp_name_language_mismatch,,,
cmpt1497t09e9q0pzr5rrrsgr,tcgtracking,POKEMON,ja,85:23972,CP4,CP4: Premium Champion Pack,pokemon_jp_name_language_mismatch,,,
cmpt14df509m2q0pzecidgb3g,tcgtracking,POKEMON,ja,85:23913,XY10,XY10: Awakening Psychic King,pokemon_jp_name_language_mismatch,,,
cmpt14geq09qzq0pzyhtfyfw7,tcgtracking,POKEMON,ja,85:23968,XYG,XYG: Zygarde-EX Perfect Battle Deck,pokemon_jp_name_language_mismatch,,,
cmpt14hrh09s2q0pzl83r4xxx,tcgtracking,POKEMON,ja,85:23969,XYH,XYH: M Audino-EX Mega Battle Deck,pokemon_jp_name_language_mismatch,,,
cmpt14j7q09tjq0pzmlunxc4j,tcgtracking,POKEMON,ja,85:23963,20th,BREAK Starter Pack,pokemon_jp_name_language_mismatch,,,
cmpt14ln509xuq0pzo86fpbnx,tcgtracking,POKEMON,ja,85:23970,CP3,CP3: PokeKyun Collection,pokemon_jp_name_language_mismatch,,,
cmpt14na309znq0pzoecf79wt,tcgtracking,POKEMON,ja,85:23927,XY9,XY9: Rage of the Broken Heavens,pokemon_jp_name_language_mismatch,,,
cmpt14qgd0a4mq0pzfxwjtgc2,tcgtracking,POKEMON,ja,85:23965,XYF,XYF: Golduck BREAK + Palkia-EX Combo Deck,pokemon_jp_name_language_mismatch,,,
cmpt14rtz0a5lq0pzjyzlj3g2,tcgtracking,POKEMON,ja,85:23987,SNP,SNP: Noivern BREAK Evolution Pack,pokemon_jp_name_language_mismatch,,,
cmpt14sm70a66q0pz30878iqu,tcgtracking,POKEMON,ja,85:23988,SNP,SNP: Raichu BREAK Evolution Pack,pokemon_jp_name_language_mismatch,,,
cmpt14u1r0a6rq0pzu2yifvsj,tcgtracking,POKEMON,ja,85:23925,XY8-Bb,XY8-Bb: Blue Shock,pokemon_jp_name_language_mismatch,,,
cmpt14x7p0aaeq0pzimc9jgdq,tcgtracking,POKEMON,ja,85:23926,XY8-Br,XY8-Br: Red Flash,pokemon_jp_name_language_mismatch,,,
cmpt14zlu0ae1q0pzrhnguv3g,tcgtracking,POKEMON,ja,85:23985,MMB,M Master Deck Build Box Power Style,pokemon_jp_name_language_mismatch,,,
cmpt1521v0ahaq0pzxs5ku0yw,tcgtracking,POKEMON,ja,85:23986,MMB,M Master Deck Build Box Speed Style,pokemon_jp_name_language_mismatch,,,
cmpt153xn0akhq0pzzzjg03ta,tcgtracking,POKEMON,ja,85:23966,CP2,CP2: Legendary Shine Collection,pokemon_jp_name_language_mismatch,,,
cmpt1551z0am0q0pzs6w87msc,tcgtracking,POKEMON,ja,85:23962,XYE,XYE: Emboar-EX vs Togekiss-EX Deck Kit,pokemon_jp_name_language_mismatch,,,
cmpt156820an9q0pzafseqfka,tcgtracking,POKEMON,ja,85:23924,XY7,XY7: Bandit Ring,pokemon_jp_name_language_mismatch,,,
cmpt159av0asoq0pzkj7dl4wv,tcgtracking,POKEMON,ja,85:23923,XY6,XY6: Emerald Break,pokemon_jp_name_language_mismatch,,,
cmpt1kffz002pq0disb4t2zo3,tcgtracking,POKEMON,ja,85:23961,XYD,XYD: M Rayquaza-EX Mega Battle Deck,pokemon_jp_name_language_mismatch,,,
cmpt1kgun002qq0divp8osgg2,tcgtracking,POKEMON,ja,85:23964,CP1,CP1: Magma Gang vs Aqua Gang: Double Crisis,pokemon_jp_name_language_mismatch,,,
cmpt1ki48002rq0diq8j44mf3,tcgtracking,POKEMON,ja,85:23921,XY5-Bg,XY5-Bg: Gaia Volcano,pokemon_jp_name_language_mismatch,,,
cmpt1kjmq002sq0dievcyfnlz,tcgtracking,POKEMON,ja,85:23922,XY5-Bt,XY5-Bt: Tidal Storm,pokemon_jp_name_language_mismatch,,,
cmpt1kkuc002tq0dikdpwm1f1,tcgtracking,POKEMON,ja,85:23960,XYC,XYC: Super Legend Set: Xerneas-EX & Yveltal-EX,pokemon_jp_name_language_mismatch,,,
cmpt1km2o002uq0diok5l7iy2,tcgtracking,POKEMON,ja,85:23920,XY4,XY4: Phantom Gate,pokemon_jp_name_language_mismatch,,,
cmpt1kmzq002vq0dis4ku86i3,tcgtracking,POKEMON,ja,85:23959,XYB,XYB: Dialga-EX + Aegislash-EX Hyper Metal Chain Deck,pokemon_jp_name_language_mismatch,,,
cmpt1ko7i002wq0diry0illa8,tcgtracking,POKEMON,ja,85:23919,XY3,XY3: Rising Fist,pokemon_jp_name_language_mismatch,,,
cmpt1kpfr002xq0diunen9anv,tcgtracking,POKEMON,ja,85:23918,XY2,XY2: Wild Blaze,pokemon_jp_name_language_mismatch,,,
cmpt1kqup002yq0divdoy2fzz,tcgtracking,POKEMON,ja,85:23958,XYA,XYA: M Charizard-EX Mega Battle Deck,pokemon_jp_name_language_mismatch,,,
cmpt1krmw002zq0diu6cd5c6m,tcgtracking,POKEMON,ja,85:23980,X30,Xerneas Half Deck,pokemon_jp_name_language_mismatch,,,
cmpt1ksf10030q0diuagx160a,tcgtracking,POKEMON,ja,85:23971,Y30,Yveltal Half Deck,pokemon_jp_name_language_mismatch,,,
cmpt1kttc0031q0dizn1qfjg6,tcgtracking,POKEMON,ja,85:23914,XY-Bx,XY-Bx: Collection X,pokemon_jp_name_language_mismatch,,,
cmpt1kute0032q0dip3fst6r4,tcgtracking,POKEMON,ja,85:23915,XY-By,XY-By: Collection Y,pokemon_jp_name_language_mismatch,,,
cmpt1kvsi0033q0dilj3tpq2q,tcgtracking,POKEMON,ja,85:23983,HXY,XY Beginning Set,pokemon_jp_name_language_mismatch,,,
cmpt1ky0z0034q0diji5eiiwp,tcgtracking,POKEMON,ja,85:23908,XY-P,XY-P: XY Promos,pokemon_jp_name_language_mismatch,,,
cmpt1kzhv0035q0dini2r2mtf,tcgtracking,POKEMON,ja,85:23912,EBB,EX Battle Boost,pokemon_jp_name_language_mismatch,,,
cmpt1l0bf0036q0diyrad5knj,tcgtracking,POKEMON,ja,85:23955,MG,Mewtwo vs Genesect Deck Kit (Genesect),pokemon_jp_name_language_mismatch,,,
cmpt1l1390037q0dicyarwirb,tcgtracking,POKEMON,ja,85:23937,MG,Mewtwo vs Genesect Deck Kit (Mewtwo),pokemon_jp_name_language_mismatch,,,
cmpt1l1v80038q0dij3lqs5pn,tcgtracking,POKEMON,ja,85:23938,K+K,Blastoise + Kyurem-EX Combo Deck,pokemon_jp_name_language_mismatch,,,
cmpt1l2tl0039q0di77qnl305,tcgtracking,POKEMON,ja,85:23906,BW9,BW9: Megalo Cannon,pokemon_jp_name_language_mismatch,,,
cmpt1l3qk003aq0dixhebom4p,tcgtracking,POKEMON,ja,85:23911,SC,Shiny Collection,pokemon_jp_name_language_mismatch,,,
cmpt1l4wx003bq0dika4ebb0t,tcgtracking,POKEMON,ja,85:23904,BW8,BW8: Spiral Force,pokemon_jp_name_language_mismatch,,,
cmpt1l5tw003cq0di71l0yhl4,tcgtracking,POKEMON,ja,85:23905,BW8,BW8: Thunder Knuckle,pokemon_jp_name_language_mismatch,,,
cmpt1l6p3003dq0dim3bybwoc,tcgtracking,POKEMON,ja,85:23939,WAK,Everyone's Exciting Battle,pokemon_jp_name_language_mismatch,,,
cmpt1l7hj003eq0dieaa1gja7,tcgtracking,POKEMON,ja,85:23949,PBG,Team Plasma Battle Gift Set,pokemon_jp_name_language_mismatch,,,
cmpt1l89c003fq0dioabwj02m,tcgtracking,POKEMON,ja,85:23946,BKB,BKB: Black Kyurem-EX Battle Strength Deck,pokemon_jp_name_language_mismatch,,,
cmpt1l914003gq0di6ngl07nr,tcgtracking,POKEMON,ja,85:23947,BKW,BKW: White Kyurem-EX Battle Strength Deck,pokemon_jp_name_language_mismatch,,,
cmpt1l9yc003hq0dikil1vz1n,tcgtracking,POKEMON,ja,85:23903,BW7,BW7: Plasma Gale,pokemon_jp_name_language_mismatch,,,
cmpt1lav2003iq0dibkzjqqn1,tcgtracking,POKEMON,ja,85:23940,MDB,Master Deck Build Box EX,pokemon_jp_name_language_mismatch,,,
cmpt1lbnj003jq0di95mdo33l,tcgtracking,POKEMON,ja,85:23945,PPD,Team Plasma's Powered Half Deck,pokemon_jp_name_language_mismatch,,,
cmpt1lcjm003kq0di92uctdxf,tcgtracking,POKEMON,ja,85:23902,BW6,BW6: Cold Flare,pokemon_jp_name_language_mismatch,,,
cmpt1ldgp003lq0di0g8e09co,tcgtracking,POKEMON,ja,85:23901,BW6,BW6: Freeze Bolt,pokemon_jp_name_language_mismatch,,,
cmpt1lei1003mq0di73voum69,tcgtracking,POKEMON,ja,85:23941,KLD,Keldeo Battle Strength Deck,pokemon_jp_name_language_mismatch,,,
cmpt1lfd6003nq0dilwmr4if1,tcgtracking,POKEMON,ja,85:23900,BW5,BW5: Dragon Blade,pokemon_jp_name_language_mismatch,,,
cmpt1lgap003oq0di0tzasub4,tcgtracking,POKEMON,ja,85:23899,BW5,BW5: Dragon Blast,pokemon_jp_name_language_mismatch,,,
cmpt1lhdt003pq0di8rlxgeay,tcgtracking,POKEMON,ja,85:23942,GBR,Garchomp Half Deck,pokemon_jp_name_language_mismatch,,,
cmpt1li5c003qq0di6ck66629,tcgtracking,POKEMON,ja,85:23943,SZD,Hydreigon Half Deck,pokemon_jp_name_language_mismatch,,,
cmpt1lj9d003rq0di3e1qfxyt,tcgtracking,POKEMON,ja,85:23910,DS,Dragon Selection,pokemon_jp_name_language_mismatch,,,
cmpt1lk6d003sq0digrrdwslp,tcgtracking,POKEMON,ja,85:23898,BW4,BW4: Dark Rush,pokemon_jp_name_language_mismatch,,,
cmpt1lkzv003tq0di77pagy0g,tcgtracking,POKEMON,ja,85:23944,BGS,Battle Gift Set: Thundurus vs Tornadus,pokemon_jp_name_language_mismatch,,,
cmpt1llrn003uq0di3d8n03ul,tcgtracking,POKEMON,ja,85:23935,BKR,BKR: Reshiram-EX Battle Strength Deck,pokemon_jp_name_language_mismatch,,,
cmpt1lmjl003vq0dijfymwsw9,tcgtracking,POKEMON,ja,85:23936,BKZ,BKZ: Zekrom-EX Battle Strength Deck,pokemon_jp_name_language_mismatch,,,
cmpt1lnf7003wq0diydvwryf4,tcgtracking,POKEMON,ja,85:23897,BW3,BW3: Hail Blizzard,pokemon_jp_name_language_mismatch,,,
cmpt1loc0003xq0difs8s8hcq,tcgtracking,POKEMON,ja,85:23896,BW3,BW3: Psycho Drive,pokemon_jp_name_language_mismatch,,,
cmpt1lpa7003yq0dihn4se7so,tcgtracking,POKEMON,ja,85:23895,BW2,BW2: Red Collection,pokemon_jp_name_language_mismatch,,,
cmpt1lqpv003zq0didfr52g9l,tcgtracking,POKEMON,ja,85:23934,BTV,Battle Theme Deck: Victini,pokemon_jp_name_language_mismatch,,,
cmpt1lrjn0040q0di8y8q37lf,tcgtracking,POKEMON,ja,85:23952,BK,BK: Cobalion Battle Strength Deck,pokemon_jp_name_language_mismatch,,,
cmpt1lsba0041q0di4j6fogzv,tcgtracking,POKEMON,ja,85:23951,BK,BK: Terrakion Battle Strength Deck,pokemon_jp_name_language_mismatch,,,
cmpt1ltd90042q0distkk0c5o,tcgtracking,POKEMON,ja,85:23950,BK,BK: Virizion Battle Strength Deck,pokemon_jp_name_language_mismatch,,,
cmpt1lu8g0043q0dikojpo3un,tcgtracking,POKEMON,ja,85:23893,BW1,BW1: Black Collection,pokemon_jp_name_language_mismatch,,,
cmpt1lv4k0044q0dikfma15fr,tcgtracking,POKEMON,ja,85:23894,BW1,BW1: White Collection,pokemon_jp_name_language_mismatch,,,
cmpt1lwiu0045q0dinosaw5k8,tcgtracking,POKEMON,ja,85:24342,BW-P,BW-P Promotional cards,pokemon_jp_name_language_mismatch,,,
cmpt1lxme0046q0digjxid9p4,tcgtracking,POKEMON,ja,85:23933,CS1,CS1: Journey Partners Collection Sheet,pokemon_jp_name_language_mismatch,,,
cmpt1lyor0047q0di86xmfmea,tcgtracking,POKEMON,ja,85:24024,L3,L3: Clash at the Summit,pokemon_jp_name_language_mismatch,,,
cmpt1lzua0048q0di90msl79o,tcgtracking,POKEMON,ja,85:24022,LL,LL: Lost Link,pokemon_jp_name_language_mismatch,,,
cmpt1m0uy0049q0ditftr0dfz,tcgtracking,POKEMON,ja,85:24021,L2,L2: Revival Legends,pokemon_jp_name_language_mismatch,,,
cmpt1m1sx004aq0dius3vazt0,tcgtracking,POKEMON,ja,85:24080,L2,L2: Steelix Constructed Standard Deck,pokemon_jp_name_language_mismatch,,,
cmpt1m2kf004bq0dirbkqo97r,tcgtracking,POKEMON,ja,85:24081,L2,L2: Tyranitar Constructed Standard Deck,pokemon_jp_name_language_mismatch,,,
cmpt1m3bg004cq0dizt5o6f5r,tcgtracking,POKEMON,ja,85:24056,B,Battle Starter Deck (Blastoise),pokemon_jp_name_language_mismatch,,,
cmpt1m42f004dq0dihpjfov9g,tcgtracking,POKEMON,ja,85:24057,B,Battle Starter Deck (Magmortar),pokemon_jp_name_language_mismatch,,,
cmpt1m53t004eq0dirhwper4w,tcgtracking,POKEMON,ja,85:24058,B,Battle Starter Deck (Raichu),pokemon_jp_name_language_mismatch,,,
cmpt1m5ut004fq0dio47lb0sf,tcgtracking,POKEMON,ja,85:24059,B,Battle Starter Deck (Torterra),pokemon_jp_name_language_mismatch,,,
cmpt1m6mb004gq0div5t1mkce,tcgtracking,POKEMON,ja,85:24028,E,Leafeon vs Metagross Expert Deck (Leafeon),pokemon_jp_name_language_mismatch,,,
cmpt1m7xr004hq0dixi0vgm5m,tcgtracking,POKEMON,ja,85:24029,E,Leafeon vs Metagross Expert Deck (Metagross),pokemon_jp_name_language_mismatch,,,
cmpt1m8vg004iq0dilh18byg9,tcgtracking,POKEMON,ja,85:24025,L1: HG,L1: HeartGold Collection,pokemon_jp_name_language_mismatch,,,
cmpt1m9zp004jq0di9lmeznpv,tcgtracking,POKEMON,ja,85:24026,L1: SS,L1: SoulSilver Collection,pokemon_jp_name_language_mismatch,,,
cmpt1maz3004kq0difzqn22nx,tcgtracking,POKEMON,ja,85:24023,L-P,L-P: Legends Promos,pokemon_jp_name_language_mismatch,,,
cmpt1mbty004lq0diehto2eed,tcgtracking,POKEMON,ja,85:24144,,Movie Commemoration Random Pack,pokemon_jp_name_language_mismatch,,,
cmpt1mcll004mq0diuibndwvz,tcgtracking,POKEMON,ja,85:24151,,Melee! Pokemon Scramble,pokemon_jp_name_language_mismatch,,,
cmpt1mdcz004nq0diple0hcl6,tcgtracking,POKEMON,ja,85:24054,Pt,Arceus LV.X Deck: Grass & Fire,pokemon_jp_name_language_mismatch,,,
cmpt1mef0004oq0dippdfzqfy,tcgtracking,POKEMON,ja,85:24055,Pt,Arceus LV.X Deck: Lightning & Psychic,pokemon_jp_name_language_mismatch,,,
cmpt1mgkf004rq0dio17ck5ke,tcgtracking,POKEMON,ja,85:24001,Pt4,Pt4: Advent of Arceus,pokemon_jp_name_language_mismatch,,,
cmpt1mfg6004pq0didvjm7d08,tcgtracking,POKEMON,ja,85:24002,Pt,Pt: Arceus LV.X Deck: Grass & Fire,pokemon_jp_name_language_mismatch,,,
cmpt1mfw8004qq0dia9gbxy8v,tcgtracking,POKEMON,ja,85:24003,Pt,Pt: Arceus LV.X Deck: Lightning & Psychic,pokemon_jp_name_language_mismatch,,,
cmpt1mhoy004sq0dip0ynbw5i,tcgtracking,POKEMON,ja,85:24004,PtM,PtM: Mewtwo LV.X Collection Pack,pokemon_jp_name_language_mismatch,,,
cmpt1migh004tq0divl6le1e1,tcgtracking,POKEMON,ja,85:24005,PtR,PtR: Regigigas LV.X Collection Pack,pokemon_jp_name_language_mismatch,,,
cmpt1mj7q004uq0dixulx7u5i,tcgtracking,POKEMON,ja,85:24006,PtS,PtS: Shaymin LV.X Collection Pack,pokemon_jp_name_language_mismatch,,,
cmpt1mk3y004vq0diexd71jat,tcgtracking,POKEMON,ja,85:24000,Pt3,Pt3: Beat of the Frontier,pokemon_jp_name_language_mismatch,,,
cmpt1mkxj004wq0di94smqjhy,tcgtracking,POKEMON,ja,85:24033,Pt,Garchomp vs Charizard SP Deck Kit (Charizard),pokemon_jp_name_language_mismatch,,,
cmpt1mlon004xq0dinzfrk7nw,tcgtracking,POKEMON,ja,85:24032,Pt,Garchomp vs Charizard SP Deck Kit (Garchomp),pokemon_jp_name_language_mismatch,,,
cmpt1mmxx004yq0diw1w3lhex,tcgtracking,POKEMON,ja,85:24031,Pt,Infernape vs Gallade SP Deck Kit (Gallade),pokemon_jp_name_language_mismatch,,,
cmpt1mnp8004zq0di2qlu1ado,tcgtracking,POKEMON,ja,85:24030,Pt,Infernape vs Gallade SP Deck Kit (Infernape),pokemon_jp_name_language_mismatch,,,
cmpt1morr0050q0diqoqudggx,tcgtracking,POKEMON,ja,85:23999,Pt2,Pt2: Bonds to the End of Time,pokemon_jp_name_language_mismatch,,,
cmpt1mpmu0051q0didrpvouto,tcgtracking,POKEMON,ja,85:24035,DPt,DPt Gift Box (Chimchar),pokemon_jp_name_language_mismatch,,,
cmpt1mqdw0052q0difcage6tg,tcgtracking,POKEMON,ja,85:24036,DPt,DPt Gift Box (Pikachu),pokemon_jp_name_language_mismatch,,,
cmpt1mr4y0053q0dib4xh580e,tcgtracking,POKEMON,ja,85:24037,DPt,DPt Gift Box (Piplup),pokemon_jp_name_language_mismatch,,,
cmpt1mrw50054q0did4ll4xx8,tcgtracking,POKEMON,ja,85:24038,DPt,DPt Gift Box (Turtwig),pokemon_jp_name_language_mismatch,,,
cmpt1msn90055q0din0ca7py5,tcgtracking,POKEMON,ja,85:24042,,Entry Pack DPt (Dialga),pokemon_jp_name_language_mismatch,,,
cmpt1mtos0056q0di9raj4gpj,tcgtracking,POKEMON,ja,85:24043,,Entry Pack DPt (Giratina),pokemon_jp_name_language_mismatch,,,
cmpt1muxx0057q0didravgnux,tcgtracking,POKEMON,ja,85:24044,,Entry Pack DPt (Palkia),pokemon_jp_name_language_mismatch,,,
cmpt1mvxg0058q0diucu8b2jx,tcgtracking,POKEMON,ja,85:23998,Pt1,Pt1: Galactic's Conquest,pokemon_jp_name_language_mismatch,,,
cmpt1mwsm0059q0dir8l2wr93,tcgtracking,POKEMON,ja,85:24136,,DPt-P Promotional cards,pokemon_jp_name_language_mismatch,,,
cmpt1mxkj005aq0diaol65512,tcgtracking,POKEMON,ja,85:24145,,11th Movie Commemoration Set,pokemon_jp_name_language_mismatch,,,
cmpt1mybv005bq0diglnqhgp0,tcgtracking,POKEMON,ja,85:24045,,Giratina vs Dialga Deck Kit (Dialga),pokemon_jp_name_language_mismatch,,,
cmpt1mz38005cq0di8wfgw5hm,tcgtracking,POKEMON,ja,85:24046,,Giratina vs Dialga Deck Kit (Giratina),pokemon_jp_name_language_mismatch,,,
cmpt1mzzy005dq0dily276pa3,tcgtracking,POKEMON,ja,85:24027,,Intense Fight in the Destroyed Sky,pokemon_jp_name_language_mismatch,,,
cmpt1n4g6005eq0diesqgerae,tcgtracking,POKEMON,ja,85:23979,DP5,DP5: Cry from the Mysterious,pokemon_jp_name_language_mismatch,,,
cmpt1n5uu005fq0diyyxqoark,tcgtracking,POKEMON,ja,85:23978,DP5,DP5: Temple of Anger,pokemon_jp_name_language_mismatch,,,
cmpt1n6p9005gq0diqvwvjn0w,tcgtracking,POKEMON,ja,85:24039,DP5,Heatran vs Regigigas Deck Kit,pokemon_jp_name_language_mismatch,,,
cmpt1n7ia005hq0diskrp70l9,tcgtracking,POKEMON,ja,85:24041,DP,Entry Pack '08,pokemon_jp_name_language_mismatch,,,
cmpt1n8du005iq0diqxaagbm4,tcgtracking,POKEMON,ja,85:23976,DP4,DP4: Dawn Dash,pokemon_jp_name_language_mismatch,,,
cmpt1n9e0005jq0di6dp4lbrq,tcgtracking,POKEMON,ja,85:23977,DP4,DP4: Moonlit Pursuit,pokemon_jp_name_language_mismatch,,,
cmpt1nabh005kq0dioujoqjue,tcgtracking,POKEMON,ja,85:24052,DP4,Magmortar vs Electivire Deck Kit,pokemon_jp_name_language_mismatch,,,
cmpt1nb3d005lq0diqyhao0qy,tcgtracking,POKEMON,ja,85:24146,,10th Movie Commemoration Set,pokemon_jp_name_language_mismatch,,,
cmpt1nbv7005mq0dio8719fd7,tcgtracking,POKEMON,ja,85:24050,DP3,Dialga LV.X Constructed Standard Deck,pokemon_jp_name_language_mismatch,,,
cmpt1ncw0005nq0dipv593r8c,tcgtracking,POKEMON,ja,85:23975,DP3,DP3: Shining Darkness,pokemon_jp_name_language_mismatch,,,
cmpt1ndq3005oq0dilszgezfa,tcgtracking,POKEMON,ja,85:24051,DP3,Palkia LV.X Constructed Standard Deck,pokemon_jp_name_language_mismatch,,,
cmpt1nen9005pq0di7loffyl5,tcgtracking,POKEMON,ja,85:24053,,World Champions Pack,pokemon_jp_name_language_mismatch,,,
cmpt1nfhb005qq0dik714vp9w,tcgtracking,POKEMON,ja,85:24152,,PPP Promotional cards,pokemon_jp_name_language_mismatch,,,
cmpt1ng9c005rq0diqlmaytfs,tcgtracking,POKEMON,ja,85:24047,DP2,Bastiodon the Defender Half Deck,pokemon_jp_name_language_mismatch,,,
cmpt1nhto005sq0didux73lp7,tcgtracking,POKEMON,ja,85:23974,DP2,DP2: Secret of the Lakes,pokemon_jp_name_language_mismatch,,,
cmpt1nino005tq0dix01uqcag,tcgtracking,POKEMON,ja,85:24048,DP2,Rampardos the Attacker Constructed Half Deck,pokemon_jp_name_language_mismatch,,,
cmpt1nlj8005uq0dipmumh4pn,tcgtracking,POKEMON,ja,85:24137,,DP-P Promotional cards,pokemon_jp_name_language_mismatch,,,
cmpt1noj8005vq0di10w6ntj8,tcgtracking,POKEMON,ja,85:23973,DP1,DP1: Space-Time Creation,pokemon_jp_name_language_mismatch,,,
cmpt1nq2i005wq0dih3ymxbzg,tcgtracking,POKEMON,ja,85:24040,DP1,Entry Pack,pokemon_jp_name_language_mismatch,,,
cmpt1nqz7005xq0dixi4a0sn4,tcgtracking,POKEMON,ja,85:24147,,Movie Commemoration VS Pack: Sea's Manaphy,pokemon_jp_name_language_mismatch,,,
cmpt1nrwp005yq0diekkqsmbu,tcgtracking,POKEMON,ja,85:24091,,Imprison! Gardevoir ex Constructed Standard Deck,pokemon_jp_name_language_mismatch,,,
cmpt1nsue005zq0difk2q3t2d,tcgtracking,POKEMON,ja,85:24090,,Offense and Defense of the Furthest Ends,pokemon_jp_name_language_mismatch,,,
cmpt1nu2l0060q0disgljf5wa,tcgtracking,POKEMON,ja,85:24092,,Shockwave! Tyranitar ex Constructed Standard Deck,pokemon_jp_name_language_mismatch,,,
cmpt1nv5q0061q0divxl2prwg,tcgtracking,POKEMON,ja,85:24099,,Miracle Crystal,pokemon_jp_name_language_mismatch,,,
cmpt1nwiz0062q0dikbqaglqy,tcgtracking,POKEMON,ja,85:24082,,Earth's Groudon ex Constructed Starter Deck,pokemon_jp_name_language_mismatch,,,
cmpt1nxl30063q0diu3oe5gjo,tcgtracking,POKEMON,ja,85:24083,,Ocean's Kyogre ex Constructed Starter Deck,pokemon_jp_name_language_mismatch,,,
cmpt1nzae0064q0dihtt47hhv,tcgtracking,POKEMON,ja,85:24084,,Holon Phantom,pokemon_jp_name_language_mismatch,,,
cmpt1o0ys0065q0di83z4nix2,tcgtracking,POKEMON,ja,85:24521,,Trainer Prize Cards,pokemon_jp_name_language_mismatch,,,
cmpt1o1s80066q0dig46apfjj,tcgtracking,POKEMON,ja,85:24095,,Gift Box Mew - Lucario (Crawdaunt Quarter Deck),pokemon_jp_name_language_mismatch,,,
cmpt1o2md0067q0didm59dlzb,tcgtracking,POKEMON,ja,85:24094,,Gift Box Mew - Lucario (Lucario Quarter Deck),pokemon_jp_name_language_mismatch,,,
cmpt1o3gv0068q0difcwn45fb,tcgtracking,POKEMON,ja,85:24093,,Gift Box Mew - Lucario (Mew Quarter Deck),pokemon_jp_name_language_mismatch,,,
cmpt1o4bi0069q0di2adxjhgh,tcgtracking,POKEMON,ja,85:24096,,Gift Box Mew - Lucario (Mightyena Quarter Deck),pokemon_jp_name_language_mismatch,,,
cmpt1o52p006aq0dikyib5mc6,tcgtracking,POKEMON,ja,85:24098,,Gift Box Mew - Lucario (Pokemon Star),pokemon_jp_name_language_mismatch,,,
cmpt1o686006bq0dig7ajwhrt,tcgtracking,POKEMON,ja,85:24085,,Holon Research Tower,pokemon_jp_name_language_mismatch,,,
cmpt1o7fl006cq0dib0jvykdr,tcgtracking,POKEMON,ja,85:24086,,Holon Research Tower Fire Quarter Deck,pokemon_jp_name_language_mismatch,,,
cmpt1o8ai006dq0divnomo6ax,tcgtracking,POKEMON,ja,85:24087,,Holon Research Tower Lightning Quarter Deck,pokemon_jp_name_language_mismatch,,,
cmpt1o9ke006eq0diyso2u26o,tcgtracking,POKEMON,ja,85:24088,,Holon Research Tower Water Quarter Deck,pokemon_jp_name_language_mismatch,,,
cmpt1oah0006fq0di47pvhn2u,tcgtracking,POKEMON,ja,85:24148,,Movie Commemoration VS Pack: Aura's Lucario,pokemon_jp_name_language_mismatch,,,
cmpt1obcm006gq0di5seena6t,tcgtracking,POKEMON,ja,85:24100,,Master Kit (Bulbasaur),pokemon_jp_name_language_mismatch,,,
cmpt1oc4o006hq0di4aexdjcb,tcgtracking,POKEMON,ja,85:24159,,Master Kit (Side Deck),pokemon_jp_name_language_mismatch,,,
cmpt1oczc006iq0dil5euwkn1,tcgtracking,POKEMON,ja,85:24158,,Master Kit (Torchic),pokemon_jp_name_language_mismatch,,,
cmpt1oegn006jq0diccs853ww,tcgtracking,POKEMON,ja,85:24101,,Mirage Forest,pokemon_jp_name_language_mismatch,,,
cmpt1ofmm006kq0dipsmwod8i,tcgtracking,POKEMON,ja,85:24102,,Mirage's Mew Constructed Starter Deck,pokemon_jp_name_language_mismatch,,,
cmpt1ohgp006lq0dicjeqbzqz,tcgtracking,POKEMON,ja,85:24103,,"Golden Sky, Silvery Ocean",pokemon_jp_name_language_mismatch,,,
cmpt1oiks006mq0div2m3ziy2,tcgtracking,POKEMON,ja,85:24153,,PokéPark Blue,pokemon_jp_name_language_mismatch,,,
cmpt1oj2k006nq0dihhl9tyw4,tcgtracking,POKEMON,ja,85:24154,,PokePark Forest,pokemon_jp_name_language_mismatch,,,
cmpt1ojv4006oq0dirf6bfyic,tcgtracking,POKEMON,ja,85:24104,,Feraligatr Constructed Starter Deck,pokemon_jp_name_language_mismatch,,,
cmpt1okpo006pq0div6kg80kf,tcgtracking,POKEMON,ja,85:24105,,Meganium Constructed Starter Deck,pokemon_jp_name_language_mismatch,,,
cmpt1oluh006qq0dirbv2lavd,tcgtracking,POKEMON,ja,85:24106,,Typhlosion Constructed Starter Deck,pokemon_jp_name_language_mismatch,,,
cmpt1onfp006rq0dizgw4w2zr,tcgtracking,POKEMON,ja,85:24107,,Fighting Quick Construction Pack,pokemon_jp_name_language_mismatch,,,
cmpt1oopu006sq0diqu0xx8r7,tcgtracking,POKEMON,ja,85:24108,,Fire Quick Construction Pack,pokemon_jp_name_language_mismatch,,,
cmpt1opya006tq0dic3dr70wz,tcgtracking,POKEMON,ja,85:24109,,Grass Quick Construction Pack,pokemon_jp_name_language_mismatch,,,
cmpt1or1o006uq0diovtk8fqd,tcgtracking,POKEMON,ja,85:24110,,Lightning Quick Construction Pack,pokemon_jp_name_language_mismatch,,,
cmpt1os85006vq0di4riajqx3,tcgtracking,POKEMON,ja,85:24111,,Psychic Quick Construction Pack,pokemon_jp_name_language_mismatch,,,
cmpt1ot6r006wq0diu9kjrjue,tcgtracking,POKEMON,ja,85:24112,,Water Quick Construction Pack,pokemon_jp_name_language_mismatch,,,
cmpt1ou9g006xq0diru9c6eve,tcgtracking,POKEMON,ja,85:24134,,Black Deck Kit,pokemon_jp_name_language_mismatch,,,
cmpt1ov9j006yq0dih9ltb7fj,tcgtracking,POKEMON,ja,85:24127,,Emerald Gift Box (Deoxys),pokemon_jp_name_language_mismatch,,,
cmpt1owp2006zq0dixm8c0td6,tcgtracking,POKEMON,ja,85:24130,,Emerald Gift Box (Rayquaza),pokemon_jp_name_language_mismatch,,,
cmpt1oyn30070q0di58q1xwp7,tcgtracking,POKEMON,ja,85:24135,,Rocket Gang Strikes Back,pokemon_jp_name_language_mismatch,,,
cmpt1ozp50071q0di5m15e6n5,tcgtracking,POKEMON,ja,85:24113,,Silver Deck Kit,pokemon_jp_name_language_mismatch,,,
cmpt1p0pe0072q0diyx821vjm,tcgtracking,POKEMON,ja,85:24503,,Movie Commemoration VS Pack: Sky-Splitting Deoxys,pokemon_jp_name_language_mismatch,,,
cmpt1p22j0073q0dikgo3ewc7,tcgtracking,POKEMON,ja,85:24114,,Clash of the Blue Sky,pokemon_jp_name_language_mismatch,,,
cmpt1p2zk0074q0did44u7pt0,tcgtracking,POKEMON,ja,85:24115,,Deoxys Constructed Starter Deck,pokemon_jp_name_language_mismatch,,,
cmpt1p3sy0075q0difkzt1f45,tcgtracking,POKEMON,ja,85:24116,,Rayquaza Constructed Starter Deck,pokemon_jp_name_language_mismatch,,,
cmpt1p50r0076q0diik0zv3eu,tcgtracking,POKEMON,ja,85:24117,,Flight of Legends,pokemon_jp_name_language_mismatch,,,
cmpt1p66p0077q0dipzxawo76,tcgtracking,POKEMON,ja,85:24612,,Random Constructed Starter Decks (Venusaur/Charizard/Blastoise),pokemon_jp_name_language_mismatch,,,
cmpt1p7xb0078q0dixamfrala,tcgtracking,POKEMON,ja,85:24138,,PCG-P Promotional cards,pokemon_jp_name_language_mismatch,,,
cmpt1p9cq0079q0dio3sb4jq5,tcgtracking,POKEMON,ja,85:24118,,Metagross Constructed Starter Deck,pokemon_jp_name_language_mismatch,,,
cmpt1pasz007aq0di81vz1y4d,tcgtracking,POKEMON,ja,85:24119,,Undone Seal,pokemon_jp_name_language_mismatch,,,
cmpt1pbqk007bq0di89cx84v3,tcgtracking,POKEMON,ja,85:24120,,Gift Box (Latias),pokemon_jp_name_language_mismatch,,,
cmpt1pd07007cq0din2xtwoj8,tcgtracking,POKEMON,ja,85:24121,,Gift Box (Latios),pokemon_jp_name_language_mismatch,,,
cmpt1pdvw007dq0digzdi5gee,tcgtracking,POKEMON,ja,85:24122,,Aqua Deck Kit,pokemon_jp_name_language_mismatch,,,
cmpt1pex2007eq0di783iole5,tcgtracking,POKEMON,ja,85:24123,,Magma Deck Kit,pokemon_jp_name_language_mismatch,,,
cmpt1pgcb007fq0dixrgyas4c,tcgtracking,POKEMON,ja,85:24124,,Magma VS Aqua: Two Ambitions,pokemon_jp_name_language_mismatch,,,
cmpt1phvx007gq0dic9mkxe8b,tcgtracking,POKEMON,ja,85:24149,,Movie Commemoration VS Pack,pokemon_jp_name_language_mismatch,,,
cmpt1pizj007hq0di9956dou0,tcgtracking,POKEMON,ja,85:24125,,Flygon Constructed Starter Deck,pokemon_jp_name_language_mismatch,,,
cmpt1pkdc007iq0dibxioc9bx,tcgtracking,POKEMON,ja,85:24128,,Rulers of the Heavens,pokemon_jp_name_language_mismatch,,,
cmpt1plgs007jq0diiu7zgkl2,tcgtracking,POKEMON,ja,85:24126,,Salamence Constructed Starter Deck,pokemon_jp_name_language_mismatch,,,
cmpt1pnkl007kq0diqup3muov,tcgtracking,POKEMON,ja,85:24139,,Miracle of the Desert,pokemon_jp_name_language_mismatch,,,
cmpt1poot007lq0dir3fkys64,tcgtracking,POKEMON,ja,85:24129,,ADV Expansion Pack,pokemon_jp_name_language_mismatch,,,
cmpt1ppjo007mq0di5ke7xdwg,tcgtracking,POKEMON,ja,85:24131,,Mudkip Constructed Starter Deck,pokemon_jp_name_language_mismatch,,,
cmpt1pqv1007nq0di6irscvw5,tcgtracking,POKEMON,ja,85:24132,,Torchic Constructed Starter Deck,pokemon_jp_name_language_mismatch,,,
cmpt1prov007oq0di3cpjyyz4,tcgtracking,POKEMON,ja,85:24133,,Treecko Constructed Starter Deck,pokemon_jp_name_language_mismatch,,,
cmpt1pstt007pq0dizdqbzjbu,tcgtracking,POKEMON,ja,85:24140,,ADV-P Promotional cards,pokemon_jp_name_language_mismatch,,,
cmpt1pu93007qq0dieclyagja,tcgtracking,POKEMON,ja,85:24155,,PLAY Promotional cards,pokemon_jp_name_language_mismatch,,,
cmpt1pvg4007rq0diwjzwsueq,tcgtracking,POKEMON,ja,85:23734,,Mysterious Mountains,pokemon_jp_name_language_mismatch,,,
cmpt1pwq2007sq0dit5e9ph6v,tcgtracking,POKEMON,ja,85:23733,,Split Earth,pokemon_jp_name_language_mismatch,,,
cmpt1pxms007tq0di3a06grdv,tcgtracking,POKEMON,ja,85:24150,,Theater Limited VS Pack,pokemon_jp_name_language_mismatch,,,
cmpt1pzth007uq0diqua4wojq,tcgtracking,POKEMON,ja,85:23732,,Wind from the Sea,pokemon_jp_name_language_mismatch,,,
cmpt1q0yx007vq0di2bamo0c8,tcgtracking,POKEMON,ja,85:23731,,The Town on No Map,pokemon_jp_name_language_mismatch,,,
cmpt1q1vv007wq0dia7jpugdz,tcgtracking,POKEMON,ja,85:24156,,McDonald's Pokémon-e Minimum Pack,pokemon_jp_name_language_mismatch,,,
cmpt1q3c5007xq0dimuzgykuk,tcgtracking,POKEMON,ja,85:24157,,T Promotional cards,pokemon_jp_name_language_mismatch,,,
cmpt1q4hc007yq0diww26dsge,tcgtracking,POKEMON,ja,85:23730,,Base Expansion Pack,pokemon_jp_name_language_mismatch,,,
cmpt1q5gf007zq0dijr9hz0cu,tcgtracking,POKEMON,ja,85:24167,,Pokemon-e Starter Deck,pokemon_jp_name_language_mismatch,,,
cmpt1q6nb0080q0di83hpwk1h,tcgtracking,POKEMON,ja,85:24141,,Pokemon Web,pokemon_jp_name_language_mismatch,,,
cmpt1q7rs0081q0di912rkr7t,tcgtracking,POKEMON,ja,85:24180,,Pokemon VS,pokemon_jp_name_language_mismatch,,,
cmpt1q9050082q0di3eyqv97d,tcgtracking,POKEMON,ja,85:24142,,J Promotional cards,pokemon_jp_name_language_mismatch,,,
cmpt1q9tw0083q0dii93vmjhd,tcgtracking,POKEMON,ja,85:24143,,P Promotional cards,pokemon_jp_name_language_mismatch,,,
cmpt1qauk0084q0di1130250s,tcgtracking,POKEMON,ja,85:23729,,"Darkness, and to Light...",pokemon_jp_name_language_mismatch,,,
cmpt1qc1s0085q0dih8xawnbd,tcgtracking,POKEMON,ja,85:24160,,Intro Pack Neo (Chikorita),pokemon_jp_name_language_mismatch,,,
cmpt1qcvf0086q0di3go2gpdv,tcgtracking,POKEMON,ja,85:24161,,Intro Pack Neo (Totodile),pokemon_jp_name_language_mismatch,,,
cmpt1qdr50087q0dicjb9k1ft,tcgtracking,POKEMON,ja,85:23720,,Awakening Legends,pokemon_jp_name_language_mismatch,,,
cmpt1qek40088q0dipqxaofi6,tcgtracking,POKEMON,ja,85:24018,NPF3,Neo Premium File 3,pokemon_jp_name_language_mismatch,,,
cmpt1qfg50089q0dih6po41m2,tcgtracking,POKEMON,ja,85:23728,,Crossing the Ruins...,pokemon_jp_name_language_mismatch,,,
cmpt1qgcj008aq0di7xhh3izf,tcgtracking,POKEMON,ja,85:24017,NPF2,Neo Premium File 2,pokemon_jp_name_language_mismatch,,,
cmpt1qh9g008bq0diz99187fc,tcgtracking,POKEMON,ja,85:23727,,"Gold, Silver, to a New World...",pokemon_jp_name_language_mismatch,,,
cmpt1qi4e008cq0dixkmtmfog,tcgtracking,POKEMON,ja,85:24013,NPF1,Neo Premium File 1,pokemon_jp_name_language_mismatch,,,
cmpt1qiwx008dq0diiqv4c9vs,tcgtracking,POKEMON,ja,85:24168,,Intro Pack (Bulbasaur),pokemon_jp_name_language_mismatch,,,
cmpt1qjwm008eq0dink25r2p8,tcgtracking,POKEMON,ja,85:24169,,Intro Pack (Squirtle),pokemon_jp_name_language_mismatch,,,
cmpt1qkxa008fq0dilgdtgfuo,tcgtracking,POKEMON,ja,85:24019,SI,Southern Island,pokemon_jp_name_language_mismatch,,,
cmpt1qlx9008gq0diqui0msog,tcgtracking,POKEMON,ja,85:24597,,Quick Starter Gift Set (Green Deck),pokemon_jp_name_language_mismatch,,,
cmpt1qmyg008hq0dio9w7nyqn,tcgtracking,POKEMON,ja,85:24598,,Quick Starter Gift Set (Red Deck),pokemon_jp_name_language_mismatch,,,
cmpt1qoc5008iq0di5n827fkr,tcgtracking,POKEMON,ja,85:23725,,Leaders' Stadium,pokemon_jp_name_language_mismatch,,,
cmpt1qpep008jq0di74inss6j,tcgtracking,POKEMON,ja,85:24494,No.PROMO,Player Placement Trainer Promos,pokemon_jp_name_language_mismatch,,,logo:bulbagarden_archive_not_authoritative_for_this_gate
cmpt1qqhd008kq0di41odw7b2,tcgtracking,POKEMON,ja,85:24175,,City Gym Decks,pokemon_jp_name_language_mismatch,,,
cmpt1qrx3008lq0di4l9cnfqd,tcgtracking,POKEMON,ja,85:23726,,Challenge from the Darkness,pokemon_jp_name_language_mismatch,,,
cmpt1qt5f008mq0di5qctl0wt,tcgtracking,POKEMON,ja,85:23724,,Rocket Gang,pokemon_jp_name_language_mismatch,,,
cmpt1qu57008nq0diccl3hqeo,tcgtracking,POKEMON,ja,85:23723,,Mystery of the Fossils,pokemon_jp_name_language_mismatch,,,
cmpt1qv0d008oq0dijhg0e04d,tcgtracking,POKEMON,ja,85:23722,,Pokemon Jungle,pokemon_jp_name_language_mismatch,,,
cmpt1qwaj008pq0din4w92qzk,tcgtracking,POKEMON,ja,85:23721,,Expansion Pack,pokemon_jp_name_language_mismatch,,,
cmpt1qxm3008qq0ditmdqrdeg,tcgtracking,POKEMON,ja,85:23740,,Expansion Pack (No Rarity),pokemon_jp_name_language_mismatch,,,
cmprdbzls006ltmrobrc5xyud,tcgtracking,POKEMON_JAPAN,en,24489,,Limited Collection Master Battle Set,no_authoritative_set_image_provider_for_lane,,,logo:bulbagarden_archive_not_authoritative_for_this_gate
cmprdckeu00k3tmrosxg9hs8y,tcgtracking,POKEMON_JAPAN,en,24653,m4,M4: Ninja Spinner,no_authoritative_set_image_provider_for_lane,,,logo:bulbagarden_archive_not_authoritative_for_this_gate
cmprdcu3q00qwtmro4mhd2bk3,tcgtracking,POKEMON_JAPAN,en,24600,M3,M3: Nihil Zero,no_authoritative_set_image_provider_for_lane,,,logo:bulbagarden_archive_not_authoritative_for_this_gate
cmprdd5qs00ywtmrovb792bhp,tcgtracking,POKEMON_JAPAN,en,24567,,Start Deck 100 Battle Collection,no_authoritative_set_image_provider_for_lane,,,logo:bulbagarden_archive_not_authoritative_for_this_gate
cmprdf4en02e6tmromn0f7olh,tcgtracking,POKEMON_JAPAN,en,24499,M2a,M2a: High Class Pack: MEGA Dream ex,no_authoritative_set_image_provider_for_lane,,,logo:bulbagarden_archive_not_authoritative_for_this_gate
cmprdg63j035btmroq9dx93qq,tcgtracking,POKEMON_JAPAN,en,24459,M2,M2: Inferno X,no_authoritative_set_image_provider_for_lane,,,logo:bulbagarden_archive_not_authoritative_for_this_gate
cmprdgfci03bwtmro18fa59oh,tcgtracking,POKEMON_JAPAN,en,24444,MBG,MBG: MEGA Starter Set Mega Gengar ex,no_authoritative_set_image_provider_for_lane,,,logo:bulbagarden_archive_not_authoritative_for_this_gate
cmprdghly03d7tmrotbyugvi1,tcgtracking,POKEMON_JAPAN,en,24445,MBD,MBD: MEGA Starter Set Mega Diancie ex,no_authoritative_set_image_provider_for_lane,,,logo:bulbagarden_archive_not_authoritative_for_this_gate
cmprdgonh03hxtmroo7unwxbb,tcgtracking,POKEMON_JAPAN,en,24399,m1L,m1L: Mega Brave,no_authoritative_set_image_provider_for_lane,,,logo:bulbagarden_archive_not_authoritative_for_this_gate
cmprdgw8t03n8tmrogs6hr16r,tcgtracking,POKEMON_JAPAN,en,24400,m1S,m1S: Mega Symphonia,no_authoritative_set_image_provider_for_lane,,,logo:bulbagarden_archive_not_authoritative_for_this_gate
cmprdh51p03tetmro9ggi5dza,tcgtracking,POKEMON_JAPAN,en,24349,SV11B,SV11B: Black Bolt,no_authoritative_set_image_provider_for_lane,,,
cmprdhufc04bttmropv81c40j,tcgtracking,POKEMON_JAPAN,en,24350,SV11W,SV11W: White Flare,no_authoritative_set_image_provider_for_lane,,,
cmprdiksr04u6tmrobrnkr5p6,tcgtracking,POKEMON_JAPAN,en,24310,SV10,SV10: The Glory of Team Rocket,no_authoritative_set_image_provider_for_lane,,,logo:bulbagarden_archive_not_authoritative_for_this_gate
cmprdivrz051ptmro21t4fqbt,tcgtracking,POKEMON_JAPAN,en,24260,SV9a,SV9a: Heat Wave Arena,no_authoritative_set_image_provider_for_lane,,,logo:bulbagarden_archive_not_authoritative_for_this_gate
cmprdj37c056ytmroujhvu8ks,tcgtracking,POKEMON_JAPAN,en,24231,SVOM,SV: ex Starter Set Marnie's Morpeko & Grimmsnarl ex,no_authoritative_set_image_provider_for_lane,,,logo:bulbagarden_archive_not_authoritative_for_this_gate
cmprdj59g0585tmroltvt9jae,tcgtracking,POKEMON_JAPAN,en,24230,SVOD,SV: ex Starter Set Steven's Beldum & Metagross ex,no_authoritative_set_image_provider_for_lane,,,logo:bulbagarden_archive_not_authoritative_for_this_gate
cmprdj710059atmronxd652ra,tcgtracking,POKEMON_JAPAN,en,24173,SV9,SV9: Battle Partners,no_authoritative_set_image_provider_for_lane,,,logo:bulbagarden_archive_not_authoritative_for_this_gate
cmprdjhr305gvtmroq0lp0mt4,tcgtracking,POKEMON_JAPAN,en,24174,SVN,SVN: Battle Partners Deck Build Box,no_authoritative_set_image_provider_for_lane,,,logo:bulbagarden_archive_not_authoritative_for_this_gate
cmprdjlku05jgtmrotyn0yb6s,tcgtracking,POKEMON_JAPAN,en,23909,SV8a,SV8a: Terastal Fest ex,no_authoritative_set_image_provider_for_lane,,,
cmprdkn9306ajtmrouhog42w5,tcgtracking,POKEMON_JAPAN,en,24324,,SVM: Generations Start Decks,no_authoritative_set_image_provider_for_lane,,,logo:bulbagarden_archive_not_authoritative_for_this_gate
cmprdlj0s06x9tmrohlihmj5y,tcgtracking,POKEMON_JAPAN,en,23777,SV8,SV8: Super Electric Breaker,no_authoritative_set_image_provider_for_lane,,,logo:bulbagarden_archive_not_authoritative_for_this_gate
cmprdl1p506kutmro5xhtkhty,tcgtracking,POKEMON_JAPAN,en,23779,SV-P,SV-P Promotional Cards,no_authoritative_set_image_provider_for_lane,,,logo:bulbagarden_archive_not_authoritative_for_this_gate
cmprdlu0y0752tmro64hq84x9,tcgtracking,POKEMON_JAPAN,en,23604,SV7a,SV7a: Paradise Dragona,no_authoritative_set_image_provider_for_lane,,,
cmprdm2w007aftmrogr524vt0,tcgtracking,POKEMON_JAPAN,en,23793,svL,SV: Ceruledge ex Stellar Tera Type Starter Set,no_authoritative_set_image_provider_for_lane,,,logo:bulbagarden_archive_not_authoritative_for_this_gate
cmprdm4we07botmrossa1sfiy,tcgtracking,POKEMON_JAPAN,en,23798,svLN,SV: Sylveon ex Stellar Tera Type Starter Set,no_authoritative_set_image_provider_for_lane,,,logo:bulbagarden_archive_not_authoritative_for_this_gate
cmprdm6w907cztmrogp3tcrfa,tcgtracking,POKEMON_JAPAN,en,24425,SBC,Special Box Collections,no_authoritative_set_image_provider_for_lane,,,logo:bulbagarden_archive_not_authoritative_for_this_gate
cmprdmb6j07fttmrotmiologs,tcgtracking,POKEMON_JAPAN,en,23615,SV7,SV7: Stellar Miracle,no_authoritative_set_image_provider_for_lane,,,logo:bulbagarden_archive_not_authoritative_for_this_gate
cmprdmlzb07nitmrohlrkle54,tcgtracking,POKEMON_JAPAN,en,23603,SV6a,SV6a: Night Wanderer,no_authoritative_set_image_provider_for_lane,,,logo:bulbagarden_archive_not_authoritative_for_this_gate
cmprdmtm407svtmro8crumqy8,tcgtracking,POKEMON_JAPAN,en,23795,svJP,SV: Chien-Pao ex Battle Master Deck,no_authoritative_set_image_provider_for_lane,,,logo:bulbagarden_archive_not_authoritative_for_this_gate
cmprdmvdy07u0tmro4e1955nc,tcgtracking,POKEMON_JAPAN,en,23796,svJL,SV: Terastal Charizard ex Battle Master Deck,no_authoritative_set_image_provider_for_lane,,,logo:bulbagarden_archive_not_authoritative_for_this_gate
cmprdmxan07v9tmrovwvdk91r,tcgtracking,POKEMON_JAPAN,en,23614,SV6,SV6: Transformation Mask,no_authoritative_set_image_provider_for_lane,,,logo:bulbagarden_archive_not_authoritative_for_this_gate
cmprdn7w1082stmrojqv3ptqt,tcgtracking,POKEMON_JAPAN,en,23602,SV5a,SV5a: Crimson Haze,no_authoritative_set_image_provider_for_lane,,,
cmprdng34088btmro17692ia4,tcgtracking,POKEMON_JAPAN,en,23822,svI,Battle Academy,no_authoritative_set_image_provider_for_lane,,,logo:bulbagarden_archive_not_authoritative_for_this_gate
cmprdnxte08ijtmroupl0r96x,tcgtracking,POKEMON_JAPAN,en,23612,SV5K,SV5K: Wild Force,no_authoritative_set_image_provider_for_lane,,,logo:bulbagarden_archive_not_authoritative_for_this_gate
cmprdo5vn08o8tmro99zth6vv,tcgtracking,POKEMON_JAPAN,en,23613,SV5M,SV5M: Cyber Judge,no_authoritative_set_image_provider_for_lane,,,logo:bulbagarden_archive_not_authoritative_for_this_gate
cmprdnp5j08cltmrovyc9cd4r,tcgtracking,POKEMON_JAPAN,en,23810,svHK,SV: Ancient Koraidon ex Starter Deck & Build Set,no_authoritative_set_image_provider_for_lane,,,logo:bulbagarden_archive_not_authoritative_for_this_gate
cmprdntml08fmtmrockgsjje4,tcgtracking,POKEMON_JAPAN,en,23811,svHM,SV: Future Miraidon ex Starter Deck & Build Set,no_authoritative_set_image_provider_for_lane,,,logo:bulbagarden_archive_not_authoritative_for_this_gate
cmprdodzk08txtmro8ntmo4gw,tcgtracking,POKEMON_JAPAN,en,23601,SV4a,SV4a: Shiny Treasure ex,no_authoritative_set_image_provider_for_lane,,,logo:bulbagarden_archive_not_authoritative_for_this_gate
cmprdph6c09kytmro7h6r3q88,tcgtracking,POKEMON_JAPAN,en,23812,svG,"SV: Venusaur, Charizard & Blastoise Special Deck Set",no_authoritative_set_image_provider_for_lane,,,logo:bulbagarden_archive_not_authoritative_for_this_gate
cmprdplsz09nxtmrocswcbtf5,tcgtracking,POKEMON_JAPAN,en,23610,SV4K,SV4K: Ancient Roar,no_authoritative_set_image_provider_for_lane,,,logo:bulbagarden_archive_not_authoritative_for_this_gate
cmprdptfw09tctmropey2gb43,tcgtracking,POKEMON_JAPAN,en,23611,SV4M,SV4M: Future Flash,no_authoritative_set_image_provider_for_lane,,,logo:bulbagarden_archive_not_authoritative_for_this_gate
cmprdq4xc0a15tmro4l8bmb7g,tcgtracking,POKEMON_JAPAN,en,23600,SV3a,SV3a: Raging Surf,no_authoritative_set_image_provider_for_lane,,,
cmprdq16j09yrtmro76okv2t3,tcgtracking,POKEMON_JAPAN,en,23799,svEM,SV: Mewtwo ex Terastal Starter Set,no_authoritative_set_image_provider_for_lane,,,logo:bulbagarden_archive_not_authoritative_for_this_gate
cmprdq32z09zytmrouag1ugf6,tcgtracking,POKEMON_JAPAN,en,23800,svEL,SV: Skeledirge ex Terastal Starter Set,no_authoritative_set_image_provider_for_lane,,,logo:bulbagarden_archive_not_authoritative_for_this_gate
cmprdqfnr0a8ltmrom8f0nfyj,tcgtracking,POKEMON_JAPAN,en,23609,SV3,SV3: Ruler of the Black Flame,no_authoritative_set_image_provider_for_lane,,,logo:bulbagarden_archive_not_authoritative_for_this_gate
cmprdqcer0a6etmroh03zlq1q,tcgtracking,POKEMON_JAPAN,en,23801,svF,SV: Ruler of the Black Flame Deck Build Box,no_authoritative_set_image_provider_for_lane,,,logo:bulbagarden_archive_not_authoritative_for_this_gate
cmprdqquw0agktmrozakavol5,tcgtracking,POKEMON_JAPAN,en,23802,WCS23,WCS23: 2023 World Championships Yokohama Deck: Pikachu,no_authoritative_set_image_provider_for_lane,,,logo:bulbagarden_archive_not_authoritative_for_this_gate
cmprdqti30aibtmroz5rb1932,tcgtracking,POKEMON_JAPAN,en,23803,svD,SV: ex Start Decks,no_authoritative_set_image_provider_for_lane,,,logo:bulbagarden_archive_not_authoritative_for_this_gate
cmprdr58c0aqmtmrojfpii65d,tcgtracking,POKEMON_JAPAN,en,23599,SV2a,SV2a: Pokemon Card 151,no_authoritative_set_image_provider_for_lane,,,logo:bulbagarden_archive_not_authoritative_for_this_gate
cmprds9kw0bjltmroz7gzhahk,tcgtracking,POKEMON_JAPAN,en,23804,svP1,SV: ex Special Set,no_authoritative_set_image_provider_for_lane,,,logo:bulbagarden_archive_not_authoritative_for_this_gate
cmprdsagi0bk2tmrozupuktes,tcgtracking,POKEMON_JAPAN,en,23608,SV2D,SV2D: Clay Burst,no_authoritative_set_image_provider_for_lane,,,logo:bulbagarden_archive_not_authoritative_for_this_gate
cmprdsil70bpptmroajknmf92,tcgtracking,POKEMON_JAPAN,en,23607,SV2P,SV2P: Snow Hazard,no_authoritative_set_image_provider_for_lane,,,logo:bulbagarden_archive_not_authoritative_for_this_gate
cmprdsqmp0bvctmrotfjoucvq,tcgtracking,POKEMON_JAPAN,en,23805,svC,SV: ex Starter Set Pikachu ex & Pawmot,no_authoritative_set_image_provider_for_lane,,,logo:bulbagarden_archive_not_authoritative_for_this_gate
cmprdss6w0bwbtmromz4cbouy,tcgtracking,POKEMON_JAPAN,en,23598,SV1a,SV1a: Triplet Beat,no_authoritative_set_image_provider_for_lane,,,
cmprdt0h80c26tmrox0ouzubk,tcgtracking,POKEMON_JAPAN,en,24468,,Triple Starter Deck Set VMAX,no_authoritative_set_image_provider_for_lane,,,logo:bulbagarden_archive_not_authoritative_for_this_gate
cmprdt3ns0c46tmrosv7562gp,tcgtracking,POKEMON_JAPAN,en,23818,CLL,Pokemon TCG Classic: Charizard,no_authoritative_set_image_provider_for_lane,,,logo:bulbagarden_archive_not_authoritative_for_this_gate
cmprdu5k9005mtmw43c0p6s7p,tcgtracking,POKEMON_JAPAN,en,23605,SV1S,SV1S: Scarlet ex,no_authoritative_set_image_provider_for_lane,,,
cmprdue8300brtmw4hepas94s,tcgtracking,POKEMON_JAPAN,en,23606,SV1V,SV1V: Violet ex,no_authoritative_set_image_provider_for_lane,,,
cmprdtwsg0000tmw4m53z6q6e,tcgtracking,POKEMON_JAPAN,en,23809,svAW,SV: ex Starter Set Fuecoco & Ampharos ex,no_authoritative_set_image_provider_for_lane,,,logo:bulbagarden_archive_not_authoritative_for_this_gate
cmprdtyxz0019tmw4sk571pj6,tcgtracking,POKEMON_JAPAN,en,23808,svAM,SV: ex Starter Set Quaxly & Mimikyu ex,no_authoritative_set_image_provider_for_lane,,,logo:bulbagarden_archive_not_authoritative_for_this_gate
cmprdu112002mtmw4mcmmc891,tcgtracking,POKEMON_JAPAN,en,23807,svAM,SV: ex Starter Set Sprigatito & Lucario ex,no_authoritative_set_image_provider_for_lane,,,logo:bulbagarden_archive_not_authoritative_for_this_gate
cmprdu33t003ztmw4mymx6of4,tcgtracking,POKEMON_JAPAN,en,23806,svB,SV: Premium Trainer Box ex,no_authoritative_set_image_provider_for_lane,,,logo:bulbagarden_archive_not_authoritative_for_this_gate
cmprdumyz00hwtmw4jqn0lc1o,tcgtracking,POKEMON_JAPAN,en,23645,S12a,S12a: VSTAR Universe,no_authoritative_set_image_provider_for_lane,,,logo:bulbagarden_archive_not_authoritative_for_this_gate
cmprdvgvy0138tmw4bhi3hh1l,tcgtracking,POKEMON_JAPAN,en,23632,S12,S12: Paradigm Trigger,no_authoritative_set_image_provider_for_lane,,,
cmprdvqxk01abtmw4wufp3ya1,tcgtracking,POKEMON_JAPAN,en,23642,S11a,S11a: Incandescent Arcana,no_authoritative_set_image_provider_for_lane,,,logo:bulbagarden_archive_not_authoritative_for_this_gate
cmprdw2uu01iltmw4oebtiw5w,tcgtracking,POKEMON_JAPAN,en,23631,S11,S11: Lost Abyss,no_authoritative_set_image_provider_for_lane,,,logo:bulbagarden_archive_not_authoritative_for_this_gate
cmprdwgnq01s4tmw4o19rvahi,tcgtracking,POKEMON_JAPAN,en,23641,S10b,S10b: Pokemon GO,no_authoritative_set_image_provider_for_lane,,,logo:bulbagarden_archive_not_authoritative_for_this_gate
cmprdwp7101y3tmw4q9pymiyq,tcgtracking,POKEMON_JAPAN,en,23640,S10a,S10a: Dark Phantasma,no_authoritative_set_image_provider_for_lane,,,logo:bulbagarden_archive_not_authoritative_for_this_gate
cmprdx0z5026gtmw4y0gxj6h3,tcgtracking,POKEMON_JAPAN,en,23629,S10D,S10D: Time Gazer,no_authoritative_set_image_provider_for_lane,,,logo:bulbagarden_archive_not_authoritative_for_this_gate
cmprdx85h02bhtmw4fly91vjg,tcgtracking,POKEMON_JAPAN,en,23630,S10P,S10P: Space Juggler,no_authoritative_set_image_provider_for_lane,,,logo:bulbagarden_archive_not_authoritative_for_this_gate
cmprdxhj402hvtmw44q4xcss3,tcgtracking,POKEMON_JAPAN,en,23639,S9a,S9a: Battle Region,no_authoritative_set_image_provider_for_lane,,,logo:bulbagarden_archive_not_authoritative_for_this_gate
cmprdxw7c02s0tmw48oftbitc,tcgtracking,POKEMON_JAPAN,en,23628,S9,S9: Star Birth,no_authoritative_set_image_provider_for_lane,,,logo:bulbagarden_archive_not_authoritative_for_this_gate
cmprdy6cm02z7tmw4x4ms8oez,tcgtracking,POKEMON_JAPAN,en,23837,sK,sK: VSTAR Premium Trainer Box,no_authoritative_set_image_provider_for_lane,,,logo:bulbagarden_archive_not_authoritative_for_this_gate
cmprdy8yw030ytmw46lt451mg,tcgtracking,POKEMON_JAPAN,en,23859,SI,SI: Start Deck 100,no_authoritative_set_image_provider_for_lane,,,logo:bulbagarden_archive_not_authoritative_for_this_gate
cmprdzdc203tztmw4o0cxxhhe,tcgtracking,POKEMON_JAPAN,en,23644,S8b,S8b: VMAX Climax,no_authoritative_set_image_provider_for_lane,,,logo:bulbagarden_archive_not_authoritative_for_this_gate
cmpre09gt04gitmw4xwertxwh,tcgtracking,POKEMON_JAPAN,en,23838,s8a-G,s8a-G: 25th Anniversary Golden Box,no_authoritative_set_image_provider_for_lane,,,
cmpre0het04kntmw4m5raokrb,tcgtracking,POKEMON_JAPAN,en,23638,S8a,S8a: 25th Anniversary Collection,no_authoritative_set_image_provider_for_lane,,,
cmpre0eva04j6tmw4eaxvwnyl,tcgtracking,POKEMON_JAPAN,en,23847,s8a-P,s8a-P: Promo Card Pack 25th Anniversary Edition,no_authoritative_set_image_provider_for_lane,,,logo:bulbagarden_archive_not_authoritative_for_this_gate
cmpre0m0h04nutmw4xppq53xj,tcgtracking,POKEMON_JAPAN,en,23627,S8,S8: Fusion Arts,no_authoritative_set_image_provider_for_lane,,,logo:bulbagarden_archive_not_authoritative_for_this_gate
cmpre0xhb04vwtmw46h7pkrvp,tcgtracking,POKEMON_JAPAN,en,23625,S7D,S7D: Skyscraping Perfection,no_authoritative_set_image_provider_for_lane,,,logo:bulbagarden_archive_not_authoritative_for_this_gate
cmpre14rz0511tmw4xro1nnxe,tcgtracking,POKEMON_JAPAN,en,23626,S7R,S7R: Blue Sky Stream,no_authoritative_set_image_provider_for_lane,,,logo:bulbagarden_archive_not_authoritative_for_this_gate
cmpre1k9b05bltmw4pznu6jal,tcgtracking,POKEMON_JAPAN,en,23637,S6a,S6a: Eevee Heroes,no_authoritative_set_image_provider_for_lane,,,logo:bulbagarden_archive_not_authoritative_for_this_gate
cmpre1t7205hptmw45sxag2yr,tcgtracking,POKEMON_JAPAN,en,23623,S6H,S6H: Silver Lance,no_authoritative_set_image_provider_for_lane,,,logo:bulbagarden_archive_not_authoritative_for_this_gate
cmpre20tk05n4tmw4knrbuyl1,tcgtracking,POKEMON_JAPAN,en,23624,S6K,S6K: Jet-Black Spirit,no_authoritative_set_image_provider_for_lane,,,logo:bulbagarden_archive_not_authoritative_for_this_gate
cmpre293205swtmw4bsmef805,tcgtracking,POKEMON_JAPAN,en,23636,S5a,S5a: Peerless Fighters,no_authoritative_set_image_provider_for_lane,,,
cmpre2gwp05yftmw4lgloiaw0,tcgtracking,POKEMON_JAPAN,en,23621,S5I,S5I: Single Strike Master,no_authoritative_set_image_provider_for_lane,,,logo:bulbagarden_archive_not_authoritative_for_this_gate
cmpre2o8j063mtmw48q7jehk6,tcgtracking,POKEMON_JAPAN,en,23622,S5R,S5R: Rapid Strike Master,no_authoritative_set_image_provider_for_lane,,,logo:bulbagarden_archive_not_authoritative_for_this_gate
cmpre33w006e7tmw4j0h2pblx,tcgtracking,POKEMON_JAPAN,en,23643,S4a,S4a: Shiny Star V,no_authoritative_set_image_provider_for_lane,,,logo:bulbagarden_archive_not_authoritative_for_this_gate
cmpre43l00741tmw4ir1ycdxf,tcgtracking,POKEMON_JAPAN,en,23620,S4,S4: Amazing Volt Tackle,no_authoritative_set_image_provider_for_lane,,,
cmpre4dc907awtmw4na6kam8e,tcgtracking,POKEMON_JAPAN,en,23635,S3a,S3a: Legendary Heartbeat,no_authoritative_set_image_provider_for_lane,,,
cmpre4ut407nctmw4quq9xrsf,tcgtracking,POKEMON_JAPAN,en,23619,S3,S3: Infinity Zone,no_authoritative_set_image_provider_for_lane,,,
cmpre54ck07u3tmw403uhtbnx,tcgtracking,POKEMON_JAPAN,en,23634,S2a,S2a: Explosive Walker,no_authoritative_set_image_provider_for_lane,,,
cmpre5f0z081ctmw4gmnn5wio,tcgtracking,POKEMON_JAPAN,en,23618,S2,S2: Rebellion Crash,no_authoritative_set_image_provider_for_lane,,,
cmpre5obb087xtmw4g9fomco6,tcgtracking,POKEMON_JAPAN,en,23633,S1a,S1a: VMAX Rising,no_authoritative_set_image_provider_for_lane,,,
cmpre5w1x08d9tmw4gtp9ixw7,tcgtracking,POKEMON_JAPAN,en,23617,S1H,S1H: Shield,no_authoritative_set_image_provider_for_lane,,,
cmpre644l08hktmw4hfwy0s19,tcgtracking,POKEMON_JAPAN,en,23616,S1W,S1W: Sword,no_authoritative_set_image_provider_for_lane,,,
cmpre6wa208zztmw4q6f6d235,tcgtracking,POKEMON_JAPAN,en,23876,S-P,S-P: Sword & Shield Promos,no_authoritative_set_image_provider_for_lane,,,logo:bulbagarden_archive_not_authoritative_for_this_gate
cmpre7r5d09lxtmw4n2rdf4zr,tcgtracking,POKEMON_JAPAN,en,23709,SM12a,SM12a: TAG TEAM GX: Tag All Stars,no_authoritative_set_image_provider_for_lane,,,logo:bulbagarden_archive_not_authoritative_for_this_gate
cmpre8iq40a5mtmw4dqdfm816,tcgtracking,POKEMON_JAPAN,en,23691,SM12,SM12: Alter Genesis,no_authoritative_set_image_provider_for_lane,,,logo:bulbagarden_archive_not_authoritative_for_this_gate
cmpre8s0q0ac9tmw4cazmmc3s,tcgtracking,POKEMON_JAPAN,en,23706,SM11b,SM11b: Dream League,no_authoritative_set_image_provider_for_lane,,,
cmpre8y4f0agktmw433x76hrr,tcgtracking,POKEMON_JAPAN,en,23705,SM11a,SM11a: Remix Bout,no_authoritative_set_image_provider_for_lane,,,
cmpre94m60al5tmw4r2eaz7ia,tcgtracking,POKEMON_JAPAN,en,23690,SM11,SM11: Miracle Twin,no_authoritative_set_image_provider_for_lane,,,logo:bulbagarden_archive_not_authoritative_for_this_gate
cmpre9gfm0atftmw4b1btwxbd,tcgtracking,POKEMON_JAPAN,en,23704,SM10b,SM10b: Sky Legend,no_authoritative_set_image_provider_for_lane,,,
cmpre9m1j0axetmw4xfl9y0sq,tcgtracking,POKEMON_JAPAN,en,23869,smP2,smP2: Great Detective Pikachu,no_authoritative_set_image_provider_for_lane,,,logo:bulbagarden_archive_not_authoritative_for_this_gate
cmpre9oc40ayxtmw4ui1xlse9,tcgtracking,POKEMON_JAPAN,en,23703,SM10a,SM10a: GG End,no_authoritative_set_image_provider_for_lane,,,
cmpreal6z002vtmxcpunhg238,tcgtracking,POKEMON_JAPAN,en,23689,SM10,SM10: Double Blaze,no_authoritative_set_image_provider_for_lane,,,logo:bulbagarden_archive_not_authoritative_for_this_gate
cmpreax2e00b3tmxce8ipbt76,tcgtracking,POKEMON_JAPAN,en,23702,SM9b,SM9b: Full Metal Wall,no_authoritative_set_image_provider_for_lane,,,
cmpreb5fs00gttmxcwe1kjkro,tcgtracking,POKEMON_JAPAN,en,23701,SM9a,SM9a: Night Unison,no_authoritative_set_image_provider_for_lane,,,
cmprebb5n00kutmxcovad6jbr,tcgtracking,POKEMON_JAPAN,en,23688,SM9,SM9: Tag Bolt,no_authoritative_set_image_provider_for_lane,,,logo:bulbagarden_archive_not_authoritative_for_this_gate
cmprebu1t00xrtmxcwrl7wz49,tcgtracking,POKEMON_JAPAN,en,23708,SM8b,SM8b: GX Ultra Shiny,no_authoritative_set_image_provider_for_lane,,,logo:bulbagarden_archive_not_authoritative_for_this_gate
cmprecl8701h8tmxcvf4uhrt2,tcgtracking,POKEMON_JAPAN,en,23700,SM8a,SM8a: Dark Order,no_authoritative_set_image_provider_for_lane,,,
cmprecqr701kztmxc1hwrapis,tcgtracking,POKEMON_JAPAN,en,23687,SM8,SM8: Super-Burst Impact,no_authoritative_set_image_provider_for_lane,,,logo:bulbagarden_archive_not_authoritative_for_this_gate
cmpreczll01ratmxcu5nkt0j8,tcgtracking,POKEMON_JAPAN,en,23699,SM7b,SM7b: Fairy Rise,no_authoritative_set_image_provider_for_lane,,,
cmpredf5z0228tmxce2zrpvgm,tcgtracking,POKEMON_JAPAN,en,23698,SM7a,SM7a: Thunderclap Spark,no_authoritative_set_image_provider_for_lane,,,logo:bulbagarden_archive_not_authoritative_for_this_gate
cmpredl55026ftmxcp9qco6sp,tcgtracking,POKEMON_JAPAN,en,23686,SM7,SM7: Sky-Splitting Charisma,no_authoritative_set_image_provider_for_lane,,,logo:bulbagarden_archive_not_authoritative_for_this_gate
cmpredu4t02cstmxc6oduu866,tcgtracking,POKEMON_JAPAN,en,23697,SM6b,SM6b: Champion Road,no_authoritative_set_image_provider_for_lane,,,
cmpree1b002hptmxcnen83k58,tcgtracking,POKEMON_JAPAN,en,23696,SM6a,SM6a: Dragon Storm,no_authoritative_set_image_provider_for_lane,,,logo:bulbagarden_archive_not_authoritative_for_this_gate
cmpree6xj02litmxc79pttj3w,tcgtracking,POKEMON_JAPAN,en,23685,SM6,SM6: Forbidden Light,no_authoritative_set_image_provider_for_lane,,,logo:bulbagarden_archive_not_authoritative_for_this_gate
cmpreejbi02u2tmxc126ceqfd,tcgtracking,POKEMON_JAPAN,en,23695,SM5+,SM5+: Ultra Force,no_authoritative_set_image_provider_for_lane,,,
cmpreep0x02xztmxcayxgflfm,tcgtracking,POKEMON_JAPAN,en,23684,SM5M,SM5M: Ultra Moon,no_authoritative_set_image_provider_for_lane,,,logo:bulbagarden_archive_not_authoritative_for_this_gate
cmpreevfv032gtmxcxvp5lq4u,tcgtracking,POKEMON_JAPAN,en,23683,SM5S,SM5S: Ultra Sun,no_authoritative_set_image_provider_for_lane,,,logo:bulbagarden_archive_not_authoritative_for_this_gate
cmpref5hp0399tmxcg2xhbdc7,tcgtracking,POKEMON_JAPAN,en,23707,SM4+,SM4+: GX Battle Boost,no_authoritative_set_image_provider_for_lane,,,logo:bulbagarden_archive_not_authoritative_for_this_gate
cmpreffip03gctmxc1d1n4ipy,tcgtracking,POKEMON_JAPAN,en,23682,SM4A,SM4A: Ultradimensional Beasts,no_authoritative_set_image_provider_for_lane,,,logo:bulbagarden_archive_not_authoritative_for_this_gate
cmprefknz03jxtmxc24tu8hgc,tcgtracking,POKEMON_JAPAN,en,23681,SM4S,SM4S: Awakened Heroes,no_authoritative_set_image_provider_for_lane,,,logo:bulbagarden_archive_not_authoritative_for_this_gate
cmprefpxd03nitmxcuf0e9g65,tcgtracking,POKEMON_JAPAN,en,23694,SM3+,SM3+: Shining Legends,no_authoritative_set_image_provider_for_lane,,,logo:bulbagarden_archive_not_authoritative_for_this_gate
cmprefwkw03s7tmxchfq59g81,tcgtracking,POKEMON_JAPAN,en,23679,SM3H,SM3H: To Have Seen the Battle Rainbow,no_authoritative_set_image_provider_for_lane,,,logo:bulbagarden_archive_not_authoritative_for_this_gate
cmpreg1yx03vwtmxc34llo52u,tcgtracking,POKEMON_JAPAN,en,23680,SM3N,SM3N: Darkness that Consumes Light,no_authoritative_set_image_provider_for_lane,,,logo:bulbagarden_archive_not_authoritative_for_this_gate
cmpregxh104hktmxccl3aeb61,tcgtracking,POKEMON_JAPAN,en,23693,SM2+,SM2+: Facing a New Trial,no_authoritative_set_image_provider_for_lane,,,
cmpreh5x704natmxcrto95uvw,tcgtracking,POKEMON_JAPAN,en,23677,SM2K,SM2K: Islands Await You,no_authoritative_set_image_provider_for_lane,,,logo:bulbagarden_archive_not_authoritative_for_this_gate
cmprehb1n04qvtmxc9lqsf73n,tcgtracking,POKEMON_JAPAN,en,23678,SM2L,SM2L: Alolan Moonlight,no_authoritative_set_image_provider_for_lane,,,logo:bulbagarden_archive_not_authoritative_for_this_gate
cmprehno504zqtmxcn7f4d29h,tcgtracking,POKEMON_JAPAN,en,23692,SM1+,SM1+: Sun & Moon,no_authoritative_set_image_provider_for_lane,,,
cmprehplw050otmxcwb2e28kq,tcgtracking,POKEMON_JAPAN,en,23676,SM1M,SM1M: Collection Moon,no_authoritative_set_image_provider_for_lane,,,
cmprehvk2054vtmxc4tu8vav7,tcgtracking,POKEMON_JAPAN,en,23675,SM1S,SM1S: Collection Sun,no_authoritative_set_image_provider_for_lane,,,
cmprei7zp05detmxcz90g3ei0,tcgtracking,POKEMON_JAPAN,en,23674,SM0,SM0: Pikachu's New Friends,no_authoritative_set_image_provider_for_lane,,,logo:bulbagarden_archive_not_authoritative_for_this_gate
cmprej439060itmxcw1adx701,tcgtracking,POKEMON_JAPAN,en,23982,CP6,CP6: Expansion Pack 20th Anniversary,no_authoritative_set_image_provider_for_lane,,,
cmprem1j0081itmxc7w6kj9lv,tcgtracking,POKEMON_JAPAN,en,23921,XY5-Bg,XY5-Bg: Gaia Volcano,no_authoritative_set_image_provider_for_lane,,,
cmprem8100861tmxcxkgirzdb,tcgtracking,POKEMON_JAPAN,en,23922,XY5-Bt,XY5-Bt: Tidal Storm,no_authoritative_set_image_provider_for_lane,,,
cmprevnm904ostmyo1f5aou2x,tcgtracking,POKEMON_JAPAN,en,24054,Pt,Arceus LV.X Deck: Grass & Fire,no_authoritative_set_image_provider_for_lane,,,logo:bulbagarden_archive_not_authoritative_for_this_gate
cmprevpak04pttmyoosonuwaa,tcgtracking,POKEMON_JAPAN,en,24055,Pt,Arceus LV.X Deck: Lightning & Psychic,no_authoritative_set_image_provider_for_lane,,,logo:bulbagarden_archive_not_authoritative_for_this_gate
cmpronz6802aatmywd7sb4h2n,tcgtracking,POKEMON_JAPAN,en,24083,,Ocean's Kyogre ex Constructed Starter Deck,no_authoritative_set_image_provider_for_lane,,,logo:bulbagarden_archive_not_authoritative_for_this_gate
cmprooy2302wztmywty7bb2vi,tcgtracking,POKEMON_JAPAN,en,24102,,Mirage's Mew Constructed Starter Deck,no_authoritative_set_image_provider_for_lane,,,logo:bulbagarden_archive_not_authoritative_for_this_gate
cmpropie50383tmywp29zqjzb,tcgtracking,POKEMON_JAPAN,en,24108,,Fire Quick Construction Pack,no_authoritative_set_image_provider_for_lane,,,logo:bulbagarden_archive_not_authoritative_for_this_gate
cmprorhda04ixtmywnauzombu,tcgtracking,POKEMON_JAPAN,en,24123,,Magma Deck Kit,no_authoritative_set_image_provider_for_lane,,,logo:bulbagarden_archive_not_authoritative_for_this_gate
cmprosmt10000tmggx4k99o4t,tcgtracking,POKEMON_JAPAN,en,24125,,Flygon Constructed Starter Deck,no_authoritative_set_image_provider_for_lane,,,logo:bulbagarden_archive_not_authoritative_for_this_gate
cmprostit0048tmggrjg8y4iw,tcgtracking,POKEMON_JAPAN,en,24126,,Salamence Constructed Starter Deck,no_authoritative_set_image_provider_for_lane,,,logo:bulbagarden_archive_not_authoritative_for_this_gate
cmprout9a01fmtmggza5ittpv,tcgtracking,POKEMON_JAPAN,en,24167,,Pokemon-e Starter Deck,no_authoritative_set_image_provider_for_lane,,,logo:bulbagarden_archive_not_authoritative_for_this_gate
cmproxrth03g3tmgg1o59a8le,tcgtracking,POKEMON_JAPAN,en,23722,,Pokemon Jungle,no_authoritative_set_image_provider_for_lane,,,logo:bulbagarden_archive_not_authoritative_for_this_gate
cmproxvvp03iutmggdw8y6y2z,tcgtracking,POKEMON_JAPAN,en,23721,,Expansion Pack,no_authoritative_set_image_provider_for_lane,,,logo:bulbagarden_archive_not_authoritative_for_this_gate
